user_id,age,u_gender,occupation
1,1,0,1
51,1,0,1
75,1,0,1
86,1,0,1
99,1,0,1
119,1,0,1
194,1,0,1
210,1,0,1
468,1,0,1
470,1,0,1
484,1,0,1
606,1,0,1
629,1,0,1
634,1,0,1
888,1,0,1
1045,1,0,1
1088,1,0,1
1154,1,0,1
1195,1,0,1
1348,1,0,1
1365,1,0,1
1421,1,0,1
1434,1,0,1
1508,1,0,1
1563,1,0,1
1568,1,0,1
1929,1,0,1
2133,1,0,1
2137,1,0,1
2155,1,0,1
2162,1,0,1
2202,1,0,1
2285,1,0,1
2346,1,0,1
2418,1,0,1
2657,1,0,1
2810,1,0,1
2858,1,0,1
3382,1,0,1
3604,1,0,1
3667,1,0,1
3843,1,0,1
3865,1,0,1
4086,1,0,1
4158,1,0,1
4493,1,0,1
4549,1,0,1
4572,1,0,1
4575,1,0,1
4606,1,0,1
4690,1,0,1
4883,1,0,1
5063,1,0,1
5114,1,0,1
5247,1,0,1
5302,1,0,1
5459,1,0,1
5514,1,0,1
5524,1,0,1
5525,1,0,1
5756,1,0,1
5844,1,0,1
5989,1,0,1
743,1,0,2
4256,1,0,2
5768,1,0,3
1187,1,0,4
1926,1,0,4
2045,1,0,4
3087,1,0,4
3234,1,0,4
5296,1,0,4
5411,1,0,4
5420,1,0,4
5687,1,0,4
5751,1,0,4
5840,1,0,4
6006,1,0,4
775,1,1,0
1818,1,1,0
3190,1,1,0
19,1,1,1
153,1,1,1
349,1,1,1
490,1,1,1
580,1,1,1
745,1,1,1
753,1,1,1
762,1,1,1
866,1,1,1
871,1,1,1
875,1,1,1
884,1,1,1
906,1,1,1
926,1,1,1
940,1,1,1
960,1,1,1
979,1,1,1
1054,1,1,1
1096,1,1,1
1163,1,1,1
1182,1,1,1
1198,1,1,1
1220,1,1,1
1241,1,1,1
1263,1,1,1
1280,1,1,1
1300,1,1,1
1308,1,1,1
1327,1,1,1
1353,1,1,1
1366,1,1,1
1372,1,1,1
1380,1,1,1
1425,1,1,1
1478,1,1,1
1499,1,1,1
1673,1,1,1
1789,1,1,1
1857,1,1,1
1878,1,1,1
1910,1,1,1
1928,1,1,1
1935,1,1,1
1948,1,1,1
1978,1,1,1
1982,1,1,1
2003,1,1,1
2042,1,1,1
2047,1,1,1
2052,1,1,1
2079,1,1,1
2108,1,1,1
2166,1,1,1
2168,1,1,1
2189,1,1,1
2193,1,1,1
2195,1,1,1
2199,1,1,1
2217,1,1,1
2235,1,1,1
2236,1,1,1
2244,1,1,1
2245,1,1,1
2288,1,1,1
2467,1,1,1
2687,1,1,1
2806,1,1,1
3028,1,1,1
3046,1,1,1
3298,1,1,1
3460,1,1,1
3537,1,1,1
3573,1,1,1
3710,1,1,1
3904,1,1,1
4056,1,1,1
4087,1,1,1
4102,1,1,1
4135,1,1,1
4294,1,1,1
4478,1,1,1
4541,1,1,1
4764,1,1,1
4787,1,1,1
4830,1,1,1
4926,1,1,1
4965,1,1,1
4997,1,1,1
5118,1,1,1
5173,1,1,1
5176,1,1,1
5243,1,1,1
5255,1,1,1
5403,1,1,1
5414,1,1,1
5555,1,1,1
5558,1,1,1
5637,1,1,1
5642,1,1,1
5662,1,1,1
5716,1,1,1
5757,1,1,1
5803,1,1,1
5953,1,1,1
5973,1,1,1
4807,1,1,2
1468,1,1,3
4006,1,1,3
4431,1,1,3
719,1,1,4
737,1,1,4
829,1,1,4
997,1,1,4
1056,1,1,4
1084,1,1,4
1200,1,1,4
1296,1,1,4
1458,1,1,4
1509,1,1,4
1573,1,1,4
1815,1,1,4
1919,1,1,4
1955,1,1,4
2024,1,1,4
2060,1,1,4
2082,1,1,4
2120,1,1,4
2169,1,1,4
2176,1,1,4
2853,1,1,4
2910,1,1,4
3316,1,1,4
3594,1,1,4
3780,1,1,4
4413,1,1,4
4633,1,1,4
4707,1,1,4
5074,1,1,4
5228,1,1,4
5390,1,1,4
5777,1,1,4
18,18,0,0
101,18,0,0
176,18,0,0
400,18,0,0
528,18,0,0
1114,18,0,0
1596,18,0,0
1638,18,0,0
1645,18,0,0
1659,18,0,0
1678,18,0,0
2157,18,0,0
2630,18,0,0
2988,18,0,0
3351,18,0,0
3418,18,0,0
3448,18,0,0
3580,18,0,0
3831,18,0,0
4249,18,0,0
4338,18,0,0
4555,18,0,0
4620,18,0,0
5043,18,0,0
5320,18,0,0
5377,18,0,0
5455,18,0,0
5683,18,0,0
38,18,0,1
41,18,0,1
92,18,0,1
122,18,0,1
162,18,0,1
200,18,0,1
203,18,0,1
213,18,0,1
224,18,0,1
242,18,0,1
246,18,0,1
268,18,0,1
298,18,0,1
310,18,0,1
313,18,0,1
365,18,0,1
372,18,0,1
428,18,0,1
430,18,0,1
459,18,0,1
464,18,0,1
473,18,0,1
480,18,0,1
541,18,0,1
569,18,0,1
605,18,0,1
701,18,0,1
814,18,0,1
995,18,0,1
1068,18,0,1
1092,18,0,1
1125,18,0,1
1232,18,0,1
1314,18,0,1
1356,18,0,1
1460,18,0,1
1557,18,0,1
1561,18,0,1
1580,18,0,1
1581,18,0,1
1664,18,0,1
1688,18,0,1
1697,18,0,1
1705,18,0,1
1711,18,0,1
1730,18,0,1
1755,18,0,1
1808,18,0,1
1824,18,0,1
1832,18,0,1
1844,18,0,1
1858,18,0,1
1911,18,0,1
1944,18,0,1
1951,18,0,1
1957,18,0,1
2073,18,0,1
2138,18,0,1
2150,18,0,1
2257,18,0,1
2258,18,0,1
2299,18,0,1
2306,18,0,1
2325,18,0,1
2464,18,0,1
2495,18,0,1
2618,18,0,1
2679,18,0,1
2692,18,0,1
2734,18,0,1
2747,18,0,1
2763,18,0,1
2775,18,0,1
2782,18,0,1
2800,18,0,1
2846,18,0,1
2854,18,0,1
2873,18,0,1
2891,18,0,1
2912,18,0,1
2924,18,0,1
2936,18,0,1
2937,18,0,1
2944,18,0,1
2963,18,0,1
2973,18,0,1
2977,18,0,1
3004,18,0,1
3026,18,0,1
3065,18,0,1
3070,18,0,1
3196,18,0,1
3202,18,0,1
3219,18,0,1
3244,18,0,1
3259,18,0,1
3312,18,0,1
3322,18,0,1
3343,18,0,1
3349,18,0,1
3510,18,0,1
3525,18,0,1
3590,18,0,1
3750,18,0,1
3794,18,0,1
3795,18,0,1
3951,18,0,1
3971,18,0,1
3987,18,0,1
4173,18,0,1
4300,18,0,1
4371,18,0,1
4383,18,0,1
4387,18,0,1
4391,18,0,1
4398,18,0,1
4399,18,0,1
4400,18,0,1
4579,18,0,1
4596,18,0,1
4611,18,0,1
4612,18,0,1
4629,18,0,1
4660,18,0,1
4662,18,0,1
4675,18,0,1
4700,18,0,1
4745,18,0,1
4752,18,0,1
4799,18,0,1
4849,18,0,1
4918,18,0,1
4936,18,0,1
4938,18,0,1
4998,18,0,1
5007,18,0,1
5050,18,0,1
5081,18,0,1
5158,18,0,1
5160,18,0,1
5198,18,0,1
5282,18,0,1
5290,18,0,1
5305,18,0,1
5388,18,0,1
5400,18,0,1
5419,18,0,1
5444,18,0,1
5495,18,0,1
5530,18,0,1
5547,18,0,1
5548,18,0,1
5597,18,0,1
5618,18,0,1
5619,18,0,1
5632,18,0,1
5639,18,0,1
5644,18,0,1
5649,18,0,1
5688,18,0,1
5704,18,0,1
5705,18,0,1
5745,18,0,1
5830,18,0,1
5847,18,0,1
5906,18,0,1
5944,18,0,1
5956,18,0,1
5959,18,0,1
5985,18,0,1
5992,18,0,1
500,18,0,2
601,18,0,2
855,18,0,2
1146,18,0,2
1174,18,0,2
1265,18,0,2
1535,18,0,2
2106,18,0,2
2480,18,0,2
2926,18,0,2
3179,18,0,2
3269,18,0,2
3308,18,0,2
3417,18,0,2
3569,18,0,2
3967,18,0,2
4347,18,0,2
4590,18,0,2
4828,18,0,2
5042,18,0,2
5183,18,0,2
5357,18,0,2
5458,18,0,2
5605,18,0,2
5851,18,0,2
249,18,0,3
531,18,0,3
561,18,0,3
1196,18,0,3
1240,18,0,3
1257,18,0,3
1433,18,0,3
3174,18,0,3
3197,18,0,3
3502,18,0,3
3518,18,0,3
3907,18,0,3
4298,18,0,3
4402,18,0,3
4859,18,0,3
5506,18,0,3
5700,18,0,3
5931,18,0,3
34,18,0,4
305,18,0,4
378,18,0,4
619,18,0,4
666,18,0,4
695,18,0,4
746,18,0,4
842,18,0,4
845,18,0,4
967,18,0,4
1094,18,0,4
1254,18,0,4
1277,18,0,4
1283,18,0,4
1347,18,0,4
1401,18,0,4
1476,18,0,4
1555,18,0,4
1605,18,0,4
1731,18,0,4
1865,18,0,4
1962,18,0,4
2035,18,0,4
2099,18,0,4
2147,18,0,4
2148,18,0,4
2160,18,0,4
2188,18,0,4
2252,18,0,4
2396,18,0,4
2557,18,0,4
2684,18,0,4
2712,18,0,4
2885,18,0,4
2968,18,0,4
3034,18,0,4
3350,18,0,4
3486,18,0,4
3707,18,0,4
3752,18,0,4
3766,18,0,4
3788,18,0,4
4517,18,0,4
4699,18,0,4
4705,18,0,4
4754,18,0,4
5061,18,0,4
5246,18,0,4
5401,18,0,4
5569,18,0,4
5578,18,0,4
5754,18,0,4
5883,18,0,4
5898,18,0,4
5913,18,0,4
6031,18,0,4
126,18,1,0
143,18,1,0
181,18,1,0
186,18,1,0
248,18,1,0
355,18,1,0
370,18,1,0
395,18,1,0
407,18,1,0
419,18,1,0
578,18,1,0
738,18,1,0
778,18,1,0
990,18,1,0
1091,18,1,0
1097,18,1,0
1112,18,1,0
1399,18,1,0
1413,18,1,0
1542,18,1,0
1558,18,1,0
1570,18,1,0
1627,18,1,0
1684,18,1,0
1787,18,1,0
1795,18,1,0
1807,18,1,0
1833,18,1,0
1850,18,1,0
1949,18,1,0
2081,18,1,0
2097,18,1,0
2186,18,1,0
2576,18,1,0
2744,18,1,0
2919,18,1,0
3051,18,1,0
3104,18,1,0
3114,18,1,0
3439,18,1,0
3512,18,1,0
3540,18,1,0
3557,18,1,0
3558,18,1,0
3610,18,1,0
3657,18,1,0
3688,18,1,0
3715,18,1,0
3740,18,1,0
3850,18,1,0
3869,18,1,0
3909,18,1,0
3913,18,1,0
4041,18,1,0
4346,18,1,0
4368,18,1,0
4378,18,1,0
4514,18,1,0
4851,18,1,0
4922,18,1,0
5032,18,1,0
5141,18,1,0
5318,18,1,0
5319,18,1,0
5339,18,1,0
5348,18,1,0
5350,18,1,0
5417,18,1,0
5529,18,1,0
5565,18,1,0
5608,18,1,0
5706,18,1,0
5753,18,1,0
5780,18,1,0
5949,18,1,0
5964,18,1,0
22,18,1,1
25,18,1,1
39,18,1,1
47,18,1,1
49,18,1,1
52,18,1,1
63,18,1,1
68,18,1,1
70,18,1,1
73,18,1,1
77,18,1,1
84,18,1,1
85,18,1,1
113,18,1,1
131,18,1,1
135,18,1,1
145,18,1,1
147,18,1,1
152,18,1,1
163,18,1,1
166,18,1,1
182,18,1,1
191,18,1,1
199,18,1,1
202,18,1,1
217,18,1,1
229,18,1,1
271,18,1,1
273,18,1,1
274,18,1,1
301,18,1,1
302,18,1,1
311,18,1,1
321,18,1,1
342,18,1,1
351,18,1,1
352,18,1,1
363,18,1,1
371,18,1,1
403,18,1,1
404,18,1,1
409,18,1,1
423,18,1,1
426,18,1,1
431,18,1,1
436,18,1,1
438,18,1,1
453,18,1,1
457,18,1,1
483,18,1,1
489,18,1,1
491,18,1,1
495,18,1,1
496,18,1,1
510,18,1,1
542,18,1,1
555,18,1,1
572,18,1,1
582,18,1,1
608,18,1,1
621,18,1,1
626,18,1,1
640,18,1,1
662,18,1,1
671,18,1,1
686,18,1,1
694,18,1,1
698,18,1,1
714,18,1,1
716,18,1,1
736,18,1,1
747,18,1,1
763,18,1,1
770,18,1,1
772,18,1,1
774,18,1,1
781,18,1,1
787,18,1,1
803,18,1,1
807,18,1,1
813,18,1,1
817,18,1,1
818,18,1,1
828,18,1,1
851,18,1,1
890,18,1,1
894,18,1,1
896,18,1,1
920,18,1,1
936,18,1,1
961,18,1,1
1006,18,1,1
1018,18,1,1
1027,18,1,1
1060,18,1,1
1081,18,1,1
1086,18,1,1
1106,18,1,1
1109,18,1,1
1113,18,1,1
1120,18,1,1
1132,18,1,1
1137,18,1,1
1138,18,1,1
1152,18,1,1
1153,18,1,1
1201,18,1,1
1211,18,1,1
1234,18,1,1
1237,18,1,1
1246,18,1,1
1261,18,1,1
1278,18,1,1
1302,18,1,1
1311,18,1,1
1313,18,1,1
1381,18,1,1
1384,18,1,1
1393,18,1,1
1402,18,1,1
1409,18,1,1
1414,18,1,1
1418,18,1,1
1420,18,1,1
1430,18,1,1
1447,18,1,1
1450,18,1,1
1454,18,1,1
1466,18,1,1
1470,18,1,1
1483,18,1,1
1491,18,1,1
1498,18,1,1
1502,18,1,1
1514,18,1,1
1519,18,1,1
1524,18,1,1
1527,18,1,1
1529,18,1,1
1550,18,1,1
1556,18,1,1
1578,18,1,1
1622,18,1,1
1626,18,1,1
1629,18,1,1
1644,18,1,1
1655,18,1,1
1663,18,1,1
1676,18,1,1
1681,18,1,1
1702,18,1,1
1703,18,1,1
1718,18,1,1
1720,18,1,1
1724,18,1,1
1728,18,1,1
1732,18,1,1
1765,18,1,1
1773,18,1,1
1778,18,1,1
1783,18,1,1
1785,18,1,1
1791,18,1,1
1800,18,1,1
1802,18,1,1
1805,18,1,1
1806,18,1,1
1828,18,1,1
1830,18,1,1
1831,18,1,1
1839,18,1,1
1842,18,1,1
1847,18,1,1
1855,18,1,1
1863,18,1,1
1909,18,1,1
1917,18,1,1
1943,18,1,1
1975,18,1,1
1984,18,1,1
1992,18,1,1
2000,18,1,1
2005,18,1,1
2010,18,1,1
2014,18,1,1
2015,18,1,1
2023,18,1,1
2062,18,1,1
2074,18,1,1
2076,18,1,1
2078,18,1,1
2083,18,1,1
2084,18,1,1
2116,18,1,1
2127,18,1,1
2134,18,1,1
2143,18,1,1
2145,18,1,1
2152,18,1,1
2184,18,1,1
2191,18,1,1
2207,18,1,1
2212,18,1,1
2239,18,1,1
2242,18,1,1
2326,18,1,1
2327,18,1,1
2350,18,1,1
2403,18,1,1
2461,18,1,1
2486,18,1,1
2494,18,1,1
2522,18,1,1
2559,18,1,1
2590,18,1,1
2595,18,1,1
2620,18,1,1
2636,18,1,1
2644,18,1,1
2682,18,1,1
2691,18,1,1
2694,18,1,1
2714,18,1,1
2756,18,1,1
2777,18,1,1
2789,18,1,1
2792,18,1,1
2824,18,1,1
2828,18,1,1
2847,18,1,1
2879,18,1,1
2880,18,1,1
2886,18,1,1
2894,18,1,1
2898,18,1,1
2900,18,1,1
2931,18,1,1
2957,18,1,1
2960,18,1,1
2970,18,1,1
2974,18,1,1
2983,18,1,1
2985,18,1,1
2987,18,1,1
2992,18,1,1
3001,18,1,1
3003,18,1,1
3006,18,1,1
3008,18,1,1
3016,18,1,1
3027,18,1,1
3029,18,1,1
3031,18,1,1
3033,18,1,1
3054,18,1,1
3058,18,1,1
3062,18,1,1
3063,18,1,1
3066,18,1,1
3069,18,1,1
3077,18,1,1
3086,18,1,1
3101,18,1,1
3111,18,1,1
3112,18,1,1
3120,18,1,1
3133,18,1,1
3134,18,1,1
3145,18,1,1
3149,18,1,1
3152,18,1,1
3163,18,1,1
3164,18,1,1
3166,18,1,1
3172,18,1,1
3192,18,1,1
3195,18,1,1
3235,18,1,1
3236,18,1,1
3240,18,1,1
3270,18,1,1
3294,18,1,1
3297,18,1,1
3327,18,1,1
3370,18,1,1
3378,18,1,1
3386,18,1,1
3391,18,1,1
3411,18,1,1
3433,18,1,1
3434,18,1,1
3442,18,1,1
3459,18,1,1
3471,18,1,1
3479,18,1,1
3481,18,1,1
3484,18,1,1
3487,18,1,1
3489,18,1,1
3495,18,1,1
3503,18,1,1
3506,18,1,1
3508,18,1,1
3509,18,1,1
3514,18,1,1
3516,18,1,1
3517,18,1,1
3536,18,1,1
3559,18,1,1
3571,18,1,1
3605,18,1,1
3621,18,1,1
3625,18,1,1
3630,18,1,1
3631,18,1,1
3639,18,1,1
3648,18,1,1
3653,18,1,1
3659,18,1,1
3703,18,1,1
3716,18,1,1
3725,18,1,1
3728,18,1,1
3729,18,1,1
3733,18,1,1
3734,18,1,1
3748,18,1,1
3756,18,1,1
3777,18,1,1
3793,18,1,1
3801,18,1,1
3806,18,1,1
3830,18,1,1
3844,18,1,1
3861,18,1,1
3868,18,1,1
3871,18,1,1
3884,18,1,1
3887,18,1,1
3890,18,1,1
3922,18,1,1
3942,18,1,1
3954,18,1,1
3965,18,1,1
4012,18,1,1
4035,18,1,1
4047,18,1,1
4081,18,1,1
4101,18,1,1
4117,18,1,1
4144,18,1,1
4194,18,1,1
4198,18,1,1
4217,18,1,1
4315,18,1,1
4323,18,1,1
4352,18,1,1
4359,18,1,1
4366,18,1,1
4374,18,1,1
4392,18,1,1
4393,18,1,1
4397,18,1,1
4401,18,1,1
4407,18,1,1
4411,18,1,1
4412,18,1,1
4416,18,1,1
4423,18,1,1
4441,18,1,1
4465,18,1,1
4475,18,1,1
4489,18,1,1
4491,18,1,1
4495,18,1,1
4507,18,1,1
4516,18,1,1
4531,18,1,1
4534,18,1,1
4536,18,1,1
4547,18,1,1
4551,18,1,1
4567,18,1,1
4592,18,1,1
4631,18,1,1
4635,18,1,1
4648,18,1,1
4689,18,1,1
4696,18,1,1
4697,18,1,1
4747,18,1,1
4761,18,1,1
4791,18,1,1
4800,18,1,1
4810,18,1,1
4823,18,1,1
4871,18,1,1
4889,18,1,1
4910,18,1,1
4949,18,1,1
4967,18,1,1
4986,18,1,1
5011,18,1,1
5013,18,1,1
5064,18,1,1
5084,18,1,1
5094,18,1,1
5133,18,1,1
5143,18,1,1
5167,18,1,1
5170,18,1,1
5202,18,1,1
5219,18,1,1
5225,18,1,1
5227,18,1,1
5244,18,1,1
5254,18,1,1
5264,18,1,1
5280,18,1,1
5285,18,1,1
5316,18,1,1
5332,18,1,1
5360,18,1,1
5365,18,1,1
5366,18,1,1
5367,18,1,1
5373,18,1,1
5380,18,1,1
5382,18,1,1
5425,18,1,1
5436,18,1,1
5449,18,1,1
5450,18,1,1
5453,18,1,1
5457,18,1,1
5460,18,1,1
5492,18,1,1
5510,18,1,1
5515,18,1,1
5568,18,1,1
5598,18,1,1
5607,18,1,1
5628,18,1,1
5646,18,1,1
5664,18,1,1
5665,18,1,1
5670,18,1,1
5690,18,1,1
5709,18,1,1
5715,18,1,1
5723,18,1,1
5729,18,1,1
5746,18,1,1
5760,18,1,1
5774,18,1,1
5776,18,1,1
5784,18,1,1
5791,18,1,1
5811,18,1,1
5824,18,1,1
5826,18,1,1
5873,18,1,1
5877,18,1,1
5884,18,1,1
5891,18,1,1
5915,18,1,1
5936,18,1,1
5951,18,1,1
5998,18,1,1
6008,18,1,1
6027,18,1,1
6028,18,1,1
21,18,1,2
136,18,1,2
138,18,1,2
165,18,1,2
214,18,1,2
297,18,1,2
462,18,1,2
589,18,1,2
636,18,1,2
652,18,1,2
665,18,1,2
676,18,1,2
718,18,1,2
764,18,1,2
821,18,1,2
832,18,1,2
869,18,1,2
878,18,1,2
882,18,1,2
941,18,1,2
994,18,1,2
1020,18,1,2
1035,18,1,2
1133,18,1,2
1134,18,1,2
1226,18,1,2
1272,18,1,2
1318,18,1,2
1438,18,1,2
1442,18,1,2
1537,18,1,2
1562,18,1,2
1613,18,1,2
1628,18,1,2
1719,18,1,2
1735,18,1,2
1784,18,1,2
2146,18,1,2
2153,18,1,2
2172,18,1,2
2274,18,1,2
2821,18,1,2
2850,18,1,2
2882,18,1,2
2883,18,1,2
2908,18,1,2
2929,18,1,2
2954,18,1,2
2976,18,1,2
3043,18,1,2
3048,18,1,2
3128,18,1,2
3148,18,1,2
3206,18,1,2
3245,18,1,2
3333,18,1,2
3373,18,1,2
3398,18,1,2
3425,18,1,2
3834,18,1,2
3881,18,1,2
4103,18,1,2
4104,18,1,2
4337,18,1,2
4349,18,1,2
4350,18,1,2
4523,18,1,2
4548,18,1,2
4550,18,1,2
4636,18,1,2
4704,18,1,2
4736,18,1,2
4864,18,1,2
4887,18,1,2
4916,18,1,2
5184,18,1,2
5187,18,1,2
5212,18,1,2
5216,18,1,2
5283,18,1,2
5359,18,1,2
5666,18,1,2
5684,18,1,2
5725,18,1,2
5909,18,1,2
5957,18,1,2
197,18,1,3
257,18,1,3
392,18,1,3
761,18,1,3
881,18,1,3
1117,18,1,3
1130,18,1,3
1160,18,1,3
1329,18,1,3
1341,18,1,3
1426,18,1,3
1532,18,1,3
1647,18,1,3
1677,18,1,3
1733,18,1,3
1889,18,1,3
2114,18,1,3
2379,18,1,3
2404,18,1,3
2446,18,1,3
2896,18,1,3
2948,18,1,3
3185,18,1,3
3295,18,1,3
3296,18,1,3
3504,18,1,3
3857,18,1,3
3901,18,1,3
3996,18,1,3
4009,18,1,3
4051,18,1,3
4295,18,1,3
4446,18,1,3
4695,18,1,3
4733,18,1,3
4812,18,1,3
4814,18,1,3
4958,18,1,3
5137,18,1,3
5156,18,1,3
5471,18,1,3
5482,18,1,3
5489,18,1,3
5491,18,1,3
5546,18,1,3
5932,18,1,3
46,18,1,4
57,18,1,4
64,18,1,4
189,18,1,4
192,18,1,4
239,18,1,4
260,18,1,4
272,18,1,4
295,18,1,4
306,18,1,4
336,18,1,4
337,18,1,4
357,18,1,4
394,18,1,4
401,18,1,4
429,18,1,4
465,18,1,4
524,18,1,4
540,18,1,4
585,18,1,4
592,18,1,4
620,18,1,4
699,18,1,4
709,18,1,4
715,18,1,4
720,18,1,4
742,18,1,4
777,18,1,4
784,18,1,4
785,18,1,4
789,18,1,4
860,18,1,4
947,18,1,4
978,18,1,4
1047,18,1,4
1102,18,1,4
1142,18,1,4
1159,18,1,4
1186,18,1,4
1221,18,1,4
1495,18,1,4
1504,18,1,4
1517,18,1,4
1582,18,1,4
1649,18,1,4
1653,18,1,4
1710,18,1,4
1721,18,1,4
1725,18,1,4
1754,18,1,4
1764,18,1,4
1779,18,1,4
1841,18,1,4
1904,18,1,4
1933,18,1,4
2077,18,1,4
2085,18,1,4
2093,18,1,4
2144,18,1,4
2156,18,1,4
2163,18,1,4
2250,18,1,4
2270,18,1,4
2454,18,1,4
2530,18,1,4
2562,18,1,4
2591,18,1,4
2621,18,1,4
2771,18,1,4
2799,18,1,4
2837,18,1,4
2838,18,1,4
2859,18,1,4
2950,18,1,4
2993,18,1,4
2996,18,1,4
3199,18,1,4
3225,18,1,4
3387,18,1,4
3389,18,1,4
3454,18,1,4
3522,18,1,4
3579,18,1,4
3581,18,1,4
3584,18,1,4
3622,18,1,4
3690,18,1,4
3799,18,1,4
3800,18,1,4
3802,18,1,4
3825,18,1,4
3911,18,1,4
4008,18,1,4
4122,18,1,4
4304,18,1,4
4396,18,1,4
4410,18,1,4
4415,18,1,4
4427,18,1,4
4527,18,1,4
4535,18,1,4
4686,18,1,4
4693,18,1,4
4821,18,1,4
4919,18,1,4
4969,18,1,4
5030,18,1,4
5099,18,1,4
5147,18,1,4
5151,18,1,4
5213,18,1,4
5218,18,1,4
5269,18,1,4
5394,18,1,4
5397,18,1,4
5591,18,1,4
5638,18,1,4
5647,18,1,4
5652,18,1,4
5682,18,1,4
5702,18,1,4
5730,18,1,4
5750,18,1,4
5919,18,1,4
5935,18,1,4
37,25,0,0
340,25,0,0
418,25,0,0
497,25,0,0
556,25,0,0
603,25,0,0
668,25,0,0
726,25,0,0
751,25,0,0
752,25,0,0
776,25,0,0
799,25,0,0
840,25,0,0
982,25,0,0
991,25,0,0
1000,25,0,0
1073,25,0,0
1075,25,0,0
1076,25,0,0
1141,25,0,0
1177,25,0,0
1319,25,0,0
1344,25,0,0
1351,25,0,0
1368,25,0,0
1385,25,0,0
1394,25,0,0
1448,25,0,0
1485,25,0,0
1560,25,0,0
1572,25,0,0
1587,25,0,0
1669,25,0,0
1675,25,0,0
1691,25,0,0
1760,25,0,0
1801,25,0,0
1906,25,0,0
1964,25,0,0
1969,25,0,0
2027,25,0,0
2066,25,0,0
2096,25,0,0
2167,25,0,0
2296,25,0,0
2367,25,0,0
2390,25,0,0
2533,25,0,0
2552,25,0,0
2639,25,0,0
2723,25,0,0
2801,25,0,0
2865,25,0,0
3053,25,0,0
3055,25,0,0
3095,25,0,0
3097,25,0,0
3100,25,0,0
3150,25,0,0
3177,25,0,0
3212,25,0,0
3342,25,0,0
3385,25,0,0
3413,25,0,0
3560,25,0,0
3562,25,0,0
3583,25,0,0
3593,25,0,0
3609,25,0,0
3745,25,0,0
3790,25,0,0
3816,25,0,0
3972,25,0,0
3975,25,0,0
4085,25,0,0
4143,25,0,0
4199,25,0,0
4225,25,0,0
4236,25,0,0
4283,25,0,0
4288,25,0,0
4332,25,0,0
4340,25,0,0
4360,25,0,0
4375,25,0,0
4376,25,0,0
4483,25,0,0
4484,25,0,0
4554,25,0,0
4561,25,0,0
4563,25,0,0
4617,25,0,0
4646,25,0,0
4698,25,0,0
4740,25,0,0
4776,25,0,0
4793,25,0,0
4818,25,0,0
4863,25,0,0
4895,25,0,0
4928,25,0,0
5035,25,0,0
5087,25,0,0
5108,25,0,0
5251,25,0,0
5306,25,0,0
5329,25,0,0
5341,25,0,0
5343,25,0,0
5345,25,0,0
5346,25,0,0
5364,25,0,0
5368,25,0,0
5384,25,0,0
5416,25,0,0
5428,25,0,0
5483,25,0,0
5503,25,0,0
5512,25,0,0
5521,25,0,0
5561,25,0,0
5571,25,0,0
5641,25,0,0
5651,25,0,0
5655,25,0,0
5668,25,0,0
5845,25,0,0
5862,25,0,0
5866,25,0,0
5911,25,0,0
6005,25,0,0
6015,25,0,0
167,25,0,1
219,25,0,1
253,25,0,1
288,25,0,1
588,25,0,1
648,25,0,1
969,25,0,1
1184,25,0,1
1229,25,0,1
1396,25,0,1
1444,25,0,1
1516,25,0,1
1553,25,0,1
1701,25,0,1
1812,25,0,1
1859,25,0,1
2029,25,0,1
2075,25,0,1
2182,25,0,1
2190,25,0,1
2238,25,0,1
2301,25,0,1
2311,25,0,1
2431,25,0,1
2663,25,0,1
2668,25,0,1
2681,25,0,1
2711,25,0,1
2718,25,0,1
2750,25,0,1
2843,25,0,1
2881,25,0,1
2911,25,0,1
2925,25,0,1
2939,25,0,1
2966,25,0,1
3047,25,0,1
3057,25,0,1
3075,25,0,1
3088,25,0,1
3109,25,0,1
3136,25,0,1
3140,25,0,1
3153,25,0,1
3154,25,0,1
3159,25,0,1
3239,25,0,1
3249,25,0,1
3255,25,0,1
3266,25,0,1
3299,25,0,1
3451,25,0,1
3462,25,0,1
3505,25,0,1
3531,25,0,1
3539,25,0,1
3544,25,0,1
3606,25,0,1
3644,25,0,1
3677,25,0,1
3776,25,0,1
3946,25,0,1
4043,25,0,1
4123,25,0,1
4205,25,0,1
4458,25,0,1
4568,25,0,1
4588,25,0,1
4597,25,0,1
4609,25,0,1
4610,25,0,1
4630,25,0,1
4771,25,0,1
4874,25,0,1
4921,25,0,1
4970,25,0,1
4990,25,0,1
5031,25,0,1
5034,25,0,1
5152,25,0,1
5191,25,0,1
5241,25,0,1
5276,25,0,1
5328,25,0,1
5505,25,0,1
5572,25,0,1
5661,25,0,1
5672,25,0,1
5693,25,0,1
5694,25,0,1
5731,25,0,1
5732,25,0,1
5742,25,0,1
5744,25,0,1
5825,25,0,1
5829,25,0,1
5860,25,0,1
5871,25,0,1
6004,25,0,1
6009,25,0,1
6036,25,0,1
50,25,0,2
83,25,0,2
96,25,0,2
114,25,0,2
139,25,0,2
151,25,0,2
175,25,0,2
290,25,0,2
373,25,0,2
475,25,0,2
527,25,0,2
655,25,0,2
798,25,0,2
801,25,0,2
854,25,0,2
927,25,0,2
939,25,0,2
983,25,0,2
1150,25,0,2
1175,25,0,2
1239,25,0,2
1301,25,0,2
1345,25,0,2
1354,25,0,2
1475,25,0,2
1525,25,0,2
1660,25,0,2
1792,25,0,2
1938,25,0,2
1953,25,0,2
2041,25,0,2
2216,25,0,2
2260,25,0,2
2400,25,0,2
2628,25,0,2
2698,25,0,2
2751,25,0,2
2825,25,0,2
2863,25,0,2
3037,25,0,2
3131,25,0,2
3301,25,0,2
3785,25,0,2
3927,25,0,2
3970,25,0,2
4299,25,0,2
4716,25,0,2
4790,25,0,2
4803,25,0,2
4846,25,0,2
4992,25,0,2
5001,25,0,2
5257,25,0,2
5268,25,0,2
5539,25,0,2
5588,25,0,2
5972,25,0,2
5990,25,0,2
6013,25,0,2
24,25,0,3
263,25,0,3
361,25,0,3
383,25,0,3
517,25,0,3
559,25,0,3
617,25,0,3
663,25,0,3
687,25,0,3
766,25,0,3
847,25,0,3
1173,25,0,3
1235,25,0,3
1321,25,0,3
1383,25,0,3
1493,25,0,3
1521,25,0,3
1602,25,0,3
1683,25,0,3
1809,25,0,3
1922,25,0,3
1971,25,0,3
2036,25,0,3
2040,25,0,3
2205,25,0,3
2226,25,0,3
2383,25,0,3
2427,25,0,3
2475,25,0,3
2506,25,0,3
2797,25,0,3
2851,25,0,3
2871,25,0,3
3023,25,0,3
3035,25,0,3
3122,25,0,3
3144,25,0,3
3184,25,0,3
3224,25,0,3
3227,25,0,3
3248,25,0,3
3291,25,0,3
3331,25,0,3
3406,25,0,3
3420,25,0,3
3429,25,0,3
3441,25,0,3
3464,25,0,3
3519,25,0,3
3642,25,0,3
3655,25,0,3
3658,25,0,3
3713,25,0,3
3832,25,0,3
3838,25,0,3
3900,25,0,3
3988,25,0,3
4027,25,0,3
4162,25,0,3
4165,25,0,3
4166,25,0,3
4181,25,0,3
4313,25,0,3
4329,25,0,3
4345,25,0,3
4452,25,0,3
4540,25,0,3
4576,25,0,3
4652,25,0,3
4659,25,0,3
4692,25,0,3
4762,25,0,3
4785,25,0,3
4952,25,0,3
5027,25,0,3
5071,25,0,3
5262,25,0,3
5278,25,0,3
5279,25,0,3
5333,25,0,3
5415,25,0,3
5434,25,0,3
5480,25,0,3
5563,25,0,3
5606,25,0,3
5681,25,0,3
5692,25,0,3
5696,25,0,3
5734,25,0,3
5785,25,0,3
5796,25,0,3
5808,25,0,3
5812,25,0,3
5850,25,0,3
5856,25,0,3
5863,25,0,3
5869,25,0,3
5955,25,0,3
5997,25,0,3
6001,25,0,3
11,25,0,4
28,25,0,4
32,25,0,4
69,25,0,4
81,25,0,4
133,25,0,4
184,25,0,4
221,25,0,4
262,25,0,4
289,25,0,4
346,25,0,4
388,25,0,4
410,25,0,4
417,25,0,4
499,25,0,4
507,25,0,4
546,25,0,4
583,25,0,4
584,25,0,4
596,25,0,4
658,25,0,4
659,25,0,4
692,25,0,4
822,25,0,4
864,25,0,4
870,25,0,4
899,25,0,4
916,25,0,4
938,25,0,4
954,25,0,4
962,25,0,4
973,25,0,4
1051,25,0,4
1059,25,0,4
1065,25,0,4
1115,25,0,4
1164,25,0,4
1168,25,0,4
1172,25,0,4
1194,25,0,4
1203,25,0,4
1236,25,0,4
1326,25,0,4
1361,25,0,4
1373,25,0,4
1386,25,0,4
1403,25,0,4
1419,25,0,4
1459,25,0,4
1510,25,0,4
1603,25,0,4
1636,25,0,4
1699,25,0,4
1756,25,0,4
1758,25,0,4
1822,25,0,4
1827,25,0,4
1958,25,0,4
1988,25,0,4
2100,25,0,4
2179,25,0,4
2192,25,0,4
2197,25,0,4
2213,25,0,4
2214,25,0,4
2215,25,0,4
2314,25,0,4
2351,25,0,4
2386,25,0,4
2479,25,0,4
2582,25,0,4
2608,25,0,4
2706,25,0,4
2709,25,0,4
2938,25,0,4
2947,25,0,4
2998,25,0,4
3067,25,0,4
3079,25,0,4
3091,25,0,4
3127,25,0,4
3151,25,0,4
3200,25,0,4
3213,25,0,4
3264,25,0,4
3358,25,0,4
3360,25,0,4
3362,25,0,4
3388,25,0,4
3437,25,0,4
3438,25,0,4
3455,25,0,4
3524,25,0,4
3649,25,0,4
3680,25,0,4
3749,25,0,4
3782,25,0,4
3784,25,0,4
3786,25,0,4
3787,25,0,4
3789,25,0,4
3829,25,0,4
3840,25,0,4
3976,25,0,4
4001,25,0,4
4092,25,0,4
4107,25,0,4
4201,25,0,4
4214,25,0,4
4336,25,0,4
4380,25,0,4
4430,25,0,4
4462,25,0,4
4504,25,0,4
4582,25,0,4
4608,25,0,4
4619,25,0,4
4655,25,0,4
4684,25,0,4
4750,25,0,4
4831,25,0,4
4845,25,0,4
4890,25,0,4
4911,25,0,4
4913,25,0,4
4914,25,0,4
4934,25,0,4
5066,25,0,4
5117,25,0,4
5119,25,0,4
5131,25,0,4
5199,25,0,4
5234,25,0,4
5240,25,0,4
5271,25,0,4
5314,25,0,4
5317,25,0,4
5330,25,0,4
5387,25,0,4
5402,25,0,4
5418,25,0,4
5429,25,0,4
5451,25,0,4
5465,25,0,4
5499,25,0,4
5589,25,0,4
5610,25,0,4
5612,25,0,4
5759,25,0,4
5763,25,0,4
5802,25,0,4
5805,25,0,4
5832,25,0,4
5852,25,0,4
5878,25,0,4
5920,25,0,4
5925,25,0,4
5941,25,0,4
5974,25,0,4
5976,25,0,4
5996,25,0,4
5999,25,0,4
6025,25,0,4
6029,25,0,4
6035,25,0,4
9,25,1,0
36,25,1,0
42,25,1,0
61,25,1,0
82,25,1,0
93,25,1,0
94,25,1,0
115,25,1,0
116,25,1,0
117,25,1,0
132,25,1,0
144,25,1,0
172,25,1,0
190,25,1,0
206,25,1,0
223,25,1,0
231,25,1,0
236,25,1,0
237,25,1,0
247,25,1,0
282,25,1,0
359,25,1,0
377,25,1,0
385,25,1,0
389,25,1,0
398,25,1,0
424,25,1,0
443,25,1,0
448,25,1,0
466,25,1,0
474,25,1,0
543,25,1,0
549,25,1,0
566,25,1,0
579,25,1,0
623,25,1,0
633,25,1,0
638,25,1,0
650,25,1,0
669,25,1,0
674,25,1,0
728,25,1,0
741,25,1,0
744,25,1,0
765,25,1,0
773,25,1,0
780,25,1,0
790,25,1,0
792,25,1,0
809,25,1,0
812,25,1,0
846,25,1,0
849,25,1,0
852,25,1,0
853,25,1,0
897,25,1,0
921,25,1,0
930,25,1,0
980,25,1,0
996,25,1,0
1004,25,1,0
1011,25,1,0
1022,25,1,0
1033,25,1,0
1077,25,1,0
1099,25,1,0
1210,25,1,0
1245,25,1,0
1255,25,1,0
1260,25,1,0
1270,25,1,0
1293,25,1,0
1306,25,1,0
1333,25,1,0
1369,25,1,0
1389,25,1,0
1412,25,1,0
1467,25,1,0
1471,25,1,0
1494,25,1,0
1496,25,1,0
1500,25,1,0
1520,25,1,0
1523,25,1,0
1538,25,1,0
1539,25,1,0
1574,25,1,0
1612,25,1,0
1639,25,1,0
1656,25,1,0
1672,25,1,0
1687,25,1,0
1714,25,1,0
1752,25,1,0
1769,25,1,0
1771,25,1,0
1774,25,1,0
1913,25,1,0
1934,25,1,0
1987,25,1,0
2008,25,1,0
2017,25,1,0
2065,25,1,0
2113,25,1,0
2129,25,1,0
2194,25,1,0
2219,25,1,0
2225,25,1,0
2249,25,1,0
2261,25,1,0
2263,25,1,0
2273,25,1,0
2307,25,1,0
2349,25,1,0
2378,25,1,0
2387,25,1,0
2424,25,1,0
2456,25,1,0
2509,25,1,0
2523,25,1,0
2568,25,1,0
2598,25,1,0
2603,25,1,0
2611,25,1,0
2641,25,1,0
2648,25,1,0
2662,25,1,0
2678,25,1,0
2688,25,1,0
2737,25,1,0
2742,25,1,0
2768,25,1,0
2780,25,1,0
2812,25,1,0
2827,25,1,0
2832,25,1,0
2839,25,1,0
2876,25,1,0
2887,25,1,0
2897,25,1,0
2901,25,1,0
2922,25,1,0
2949,25,1,0
2964,25,1,0
3005,25,1,0
3022,25,1,0
3040,25,1,0
3099,25,1,0
3107,25,1,0
3160,25,1,0
3176,25,1,0
3277,25,1,0
3281,25,1,0
3284,25,1,0
3302,25,1,0
3309,25,1,0
3339,25,1,0
3377,25,1,0
3397,25,1,0
3404,25,1,0
3408,25,1,0
3414,25,1,0
3422,25,1,0
3424,25,1,0
3450,25,1,0
3456,25,1,0
3472,25,1,0
3493,25,1,0
3498,25,1,0
3499,25,1,0
3541,25,1,0
3543,25,1,0
3550,25,1,0
3556,25,1,0
3597,25,1,0
3615,25,1,0
3626,25,1,0
3637,25,1,0
3643,25,1,0
3654,25,1,0
3684,25,1,0
3685,25,1,0
3712,25,1,0
3714,25,1,0
3726,25,1,0
3731,25,1,0
3732,25,1,0
3746,25,1,0
3761,25,1,0
3792,25,1,0
3804,25,1,0
3815,25,1,0
3820,25,1,0
3824,25,1,0
3837,25,1,0
3855,25,1,0
3862,25,1,0
3870,25,1,0
3879,25,1,0
3893,25,1,0
3899,25,1,0
3902,25,1,0
3905,25,1,0
3929,25,1,0
3931,25,1,0
4011,25,1,0
4020,25,1,0
4024,25,1,0
4033,25,1,0
4058,25,1,0
4071,25,1,0
4073,25,1,0
4076,25,1,0
4088,25,1,0
4091,25,1,0
4094,25,1,0
4118,25,1,0
4126,25,1,0
4132,25,1,0
4210,25,1,0
4216,25,1,0
4254,25,1,0
4258,25,1,0
4290,25,1,0
4314,25,1,0
4316,25,1,0
4318,25,1,0
4320,25,1,0
4324,25,1,0
4362,25,1,0
4386,25,1,0
4422,25,1,0
4429,25,1,0
4445,25,1,0
4471,25,1,0
4499,25,1,0
4501,25,1,0
4589,25,1,0
4615,25,1,0
4656,25,1,0
4688,25,1,0
4711,25,1,0
4713,25,1,0
4731,25,1,0
4739,25,1,0
4742,25,1,0
4775,25,1,0
4806,25,1,0
4825,25,1,0
4837,25,1,0
4879,25,1,0
4893,25,1,0
4959,25,1,0
4962,25,1,0
4988,25,1,0
5002,25,1,0
5026,25,1,0
5076,25,1,0
5088,25,1,0
5091,25,1,0
5134,25,1,0
5138,25,1,0
5140,25,1,0
5150,25,1,0
5162,25,1,0
5217,25,1,0
5233,25,1,0
5259,25,1,0
5275,25,1,0
5287,25,1,0
5301,25,1,0
5307,25,1,0
5338,25,1,0
5347,25,1,0
5353,25,1,0
5376,25,1,0
5396,25,1,0
5462,25,1,0
5487,25,1,0
5532,25,1,0
5543,25,1,0
5587,25,1,0
5648,25,1,0
5685,25,1,0
5735,25,1,0
5773,25,1,0
5779,25,1,0
5786,25,1,0
5789,25,1,0
5792,25,1,0
5799,25,1,0
5817,25,1,0
5828,25,1,0
5865,25,1,0
5872,25,1,0
5921,25,1,0
5965,25,1,0
5983,25,1,0
6022,25,1,0
6030,25,1,0
6040,25,1,0
3,25,1,1
8,25,1,1
12,25,1,1
27,25,1,1
43,25,1,1
48,25,1,1
104,25,1,1
108,25,1,1
120,25,1,1
129,25,1,1
170,25,1,1
195,25,1,1
198,25,1,1
207,25,1,1
220,25,1,1
228,25,1,1
252,25,1,1
284,25,1,1
299,25,1,1
309,25,1,1
345,25,1,1
384,25,1,1
390,25,1,1
402,25,1,1
408,25,1,1
413,25,1,1
425,25,1,1
479,25,1,1
488,25,1,1
492,25,1,1
508,25,1,1
522,25,1,1
533,25,1,1
534,25,1,1
554,25,1,1
563,25,1,1
570,25,1,1
575,25,1,1
610,25,1,1
649,25,1,1
670,25,1,1
680,25,1,1
682,25,1,1
683,25,1,1
684,25,1,1
685,25,1,1
690,25,1,1
696,25,1,1
705,25,1,1
717,25,1,1
722,25,1,1
723,25,1,1
757,25,1,1
767,25,1,1
768,25,1,1
783,25,1,1
810,25,1,1
815,25,1,1
836,25,1,1
848,25,1,1
859,25,1,1
876,25,1,1
929,25,1,1
937,25,1,1
971,25,1,1
985,25,1,1
999,25,1,1
1001,25,1,1
1040,25,1,1
1116,25,1,1
1149,25,1,1
1151,25,1,1
1155,25,1,1
1165,25,1,1
1193,25,1,1
1217,25,1,1
1230,25,1,1
1231,25,1,1
1244,25,1,1
1262,25,1,1
1266,25,1,1
1267,25,1,1
1320,25,1,1
1367,25,1,1
1406,25,1,1
1423,25,1,1
1427,25,1,1
1474,25,1,1
1484,25,1,1
1492,25,1,1
1501,25,1,1
1503,25,1,1
1528,25,1,1
1530,25,1,1
1543,25,1,1
1544,25,1,1
1546,25,1,1
1551,25,1,1
1567,25,1,1
1588,25,1,1
1597,25,1,1
1601,25,1,1
1604,25,1,1
1608,25,1,1
1610,25,1,1
1617,25,1,1
1621,25,1,1
1651,25,1,1
1662,25,1,1
1679,25,1,1
1693,25,1,1
1694,25,1,1
1704,25,1,1
1742,25,1,1
1746,25,1,1
1757,25,1,1
1775,25,1,1
1793,25,1,1
1794,25,1,1
1840,25,1,1
1843,25,1,1
1852,25,1,1
1876,25,1,1
1879,25,1,1
1886,25,1,1
1898,25,1,1
1912,25,1,1
1930,25,1,1
1937,25,1,1
1940,25,1,1
1950,25,1,1
1968,25,1,1
2012,25,1,1
2030,25,1,1
2054,25,1,1
2056,25,1,1
2063,25,1,1
2080,25,1,1
2102,25,1,1
2154,25,1,1
2158,25,1,1
2175,25,1,1
2180,25,1,1
2196,25,1,1
2224,25,1,1
2228,25,1,1
2344,25,1,1
2380,25,1,1
2401,25,1,1
2430,25,1,1
2432,25,1,1
2433,25,1,1
2434,25,1,1
2435,25,1,1
2437,25,1,1
2466,25,1,1
2469,25,1,1
2473,25,1,1
2474,25,1,1
2490,25,1,1
2501,25,1,1
2507,25,1,1
2551,25,1,1
2556,25,1,1
2561,25,1,1
2581,25,1,1
2599,25,1,1
2629,25,1,1
2674,25,1,1
2680,25,1,1
2689,25,1,1
2717,25,1,1
2719,25,1,1
2727,25,1,1
2748,25,1,1
2749,25,1,1
2752,25,1,1
2786,25,1,1
2787,25,1,1
2818,25,1,1
2823,25,1,1
2833,25,1,1
2836,25,1,1
2845,25,1,1
2852,25,1,1
2855,25,1,1
2861,25,1,1
2892,25,1,1
2895,25,1,1
2902,25,1,1
2904,25,1,1
2914,25,1,1
2918,25,1,1
2927,25,1,1
2932,25,1,1
2952,25,1,1
2956,25,1,1
2971,25,1,1
2972,25,1,1
2982,25,1,1
2984,25,1,1
2986,25,1,1
2995,25,1,1
3000,25,1,1
3010,25,1,1
3012,25,1,1
3041,25,1,1
3085,25,1,1
3098,25,1,1
3102,25,1,1
3113,25,1,1
3116,25,1,1
3124,25,1,1
3135,25,1,1
3137,25,1,1
3157,25,1,1
3158,25,1,1
3173,25,1,1
3181,25,1,1
3182,25,1,1
3191,25,1,1
3194,25,1,1
3198,25,1,1
3243,25,1,1
3250,25,1,1
3256,25,1,1
3260,25,1,1
3265,25,1,1
3267,25,1,1
3268,25,1,1
3285,25,1,1
3311,25,1,1
3315,25,1,1
3317,25,1,1
3337,25,1,1
3361,25,1,1
3375,25,1,1
3396,25,1,1
3399,25,1,1
3409,25,1,1
3416,25,1,1
3432,25,1,1
3447,25,1,1
3463,25,1,1
3542,25,1,1
3554,25,1,1
3564,25,1,1
3602,25,1,1
3624,25,1,1
3652,25,1,1
3671,25,1,1
3679,25,1,1
3693,25,1,1
3694,25,1,1
3697,25,1,1
3706,25,1,1
3709,25,1,1
3721,25,1,1
3768,25,1,1
3769,25,1,1
3811,25,1,1
3814,25,1,1
3819,25,1,1
3845,25,1,1
3848,25,1,1
3851,25,1,1
3885,25,1,1
3912,25,1,1
3916,25,1,1
3925,25,1,1
3950,25,1,1
3953,25,1,1
3980,25,1,1
3992,25,1,1
4028,25,1,1
4032,25,1,1
4070,25,1,1
4078,25,1,1
4093,25,1,1
4096,25,1,1
4111,25,1,1
4115,25,1,1
4247,25,1,1
4248,25,1,1
4265,25,1,1
4310,25,1,1
4343,25,1,1
4351,25,1,1
4379,25,1,1
4381,25,1,1
4385,25,1,1
4389,25,1,1
4394,25,1,1
4403,25,1,1
4414,25,1,1
4417,25,1,1
4420,25,1,1
4432,25,1,1
4436,25,1,1
4449,25,1,1
4450,25,1,1
4485,25,1,1
4520,25,1,1
4533,25,1,1
4538,25,1,1
4574,25,1,1
4586,25,1,1
4591,25,1,1
4604,25,1,1
4605,25,1,1
4613,25,1,1
4621,25,1,1
4622,25,1,1
4624,25,1,1
4638,25,1,1
4640,25,1,1
4658,25,1,1
4663,25,1,1
4671,25,1,1
4702,25,1,1
4768,25,1,1
4780,25,1,1
4801,25,1,1
4841,25,1,1
4847,25,1,1
4855,25,1,1
4861,25,1,1
4877,25,1,1
4892,25,1,1
4899,25,1,1
4915,25,1,1
4933,25,1,1
4976,25,1,1
4977,25,1,1
4982,25,1,1
5000,25,1,1
5028,25,1,1
5029,25,1,1
5049,25,1,1
5053,25,1,1
5079,25,1,1
5083,25,1,1
5096,25,1,1
5102,25,1,1
5126,25,1,1
5136,25,1,1
5161,25,1,1
5179,25,1,1
5208,25,1,1
5222,25,1,1
5230,25,1,1
5232,25,1,1
5235,25,1,1
5270,25,1,1
5293,25,1,1
5297,25,1,1
5315,25,1,1
5321,25,1,1
5369,25,1,1
5370,25,1,1
5371,25,1,1
5372,25,1,1
5385,25,1,1
5412,25,1,1
5437,25,1,1
5443,25,1,1
5466,25,1,1
5468,25,1,1
5474,25,1,1
5475,25,1,1
5485,25,1,1
5488,25,1,1
5497,25,1,1
5535,25,1,1
5544,25,1,1
5576,25,1,1
5585,25,1,1
5623,25,1,1
5654,25,1,1
5656,25,1,1
5707,25,1,1
5710,25,1,1
5724,25,1,1
5727,25,1,1
5733,25,1,1
5738,25,1,1
5765,25,1,1
5775,25,1,1
5818,25,1,1
5821,25,1,1
5823,25,1,1
5842,25,1,1
5858,25,1,1
5874,25,1,1
5875,25,1,1
5903,25,1,1
5908,25,1,1
5918,25,1,1
5937,25,1,1
5950,25,1,1
5963,25,1,1
5988,25,1,1
6021,25,1,1
6024,25,1,1
5,25,1,2
58,25,1,2
110,25,1,2
112,25,1,2
174,25,1,2
212,25,1,2
232,25,1,2
243,25,1,2
261,25,1,2
269,25,1,2
308,25,1,2
375,25,1,2
380,25,1,2
406,25,1,2
454,25,1,2
501,25,1,2
504,25,1,2
506,25,1,2
509,25,1,2
514,25,1,2
530,25,1,2
536,25,1,2
539,25,1,2
553,25,1,2
565,25,1,2
587,25,1,2
643,25,1,2
644,25,1,2
673,25,1,2
675,25,1,2
710,25,1,2
802,25,1,2
804,25,1,2
977,25,1,2
981,25,1,2
1003,25,1,2
1025,25,1,2
1044,25,1,2
1069,25,1,2
1087,25,1,2
1124,25,1,2
1147,25,1,2
1169,25,1,2
1216,25,1,2
1223,25,1,2
1256,25,1,2
1360,25,1,2
1395,25,1,2
1445,25,1,2
1456,25,1,2
1480,25,1,2
1486,25,1,2
1512,25,1,2
1515,25,1,2
1518,25,1,2
1545,25,1,2
1571,25,1,2
1593,25,1,2
1620,25,1,2
1632,25,1,2
1646,25,1,2
1652,25,1,2
1680,25,1,2
1682,25,1,2
1700,25,1,2
1706,25,1,2
1715,25,1,2
1726,25,1,2
1749,25,1,2
1759,25,1,2
1767,25,1,2
1777,25,1,2
1803,25,1,2
1820,25,1,2
1821,25,1,2
1829,25,1,2
1837,25,1,2
1845,25,1,2
1892,25,1,2
1931,25,1,2
1945,25,1,2
1954,25,1,2
1966,25,1,2
1991,25,1,2
2101,25,1,2
2109,25,1,2
2223,25,1,2
2284,25,1,2
2389,25,1,2
2429,25,1,2
2586,25,1,2
2649,25,1,2
2757,25,1,2
2790,25,1,2
2794,25,1,2
2813,25,1,2
2844,25,1,2
2872,25,1,2
2875,25,1,2
2903,25,1,2
2920,25,1,2
2928,25,1,2
2953,25,1,2
3080,25,1,2
3084,25,1,2
3090,25,1,2
3103,25,1,2
3121,25,1,2
3123,25,1,2
3126,25,1,2
3142,25,1,2
3167,25,1,2
3189,25,1,2
3223,25,1,2
3274,25,1,2
3276,25,1,2
3341,25,1,2
3359,25,1,2
3371,25,1,2
3426,25,1,2
3457,25,1,2
3468,25,1,2
3491,25,1,2
3513,25,1,2
3533,25,1,2
3546,25,1,2
3563,25,1,2
3588,25,1,2
3599,25,1,2
3611,25,1,2
3638,25,1,2
3673,25,1,2
3674,25,1,2
3683,25,1,2
3695,25,1,2
3763,25,1,2
3821,25,1,2
3828,25,1,2
3892,25,1,2
3910,25,1,2
3926,25,1,2
3938,25,1,2
3968,25,1,2
3990,25,1,2
4039,25,1,2
4040,25,1,2
4052,25,1,2
4075,25,1,2
4082,25,1,2
4106,25,1,2
4120,25,1,2
4167,25,1,2
4260,25,1,2
4279,25,1,2
4303,25,1,2
4339,25,1,2
4370,25,1,2
4406,25,1,2
4454,25,1,2
4461,25,1,2
4508,25,1,2
4524,25,1,2
4526,25,1,2
4543,25,1,2
4545,25,1,2
4616,25,1,2
4623,25,1,2
4715,25,1,2
4720,25,1,2
4777,25,1,2
4835,25,1,2
4860,25,1,2
4867,25,1,2
4900,25,1,2
4950,25,1,2
4957,25,1,2
5008,25,1,2
5025,25,1,2
5038,25,1,2
5046,25,1,2
5070,25,1,2
5077,25,1,2
5148,25,1,2
5154,25,1,2
5155,25,1,2
5252,25,1,2
5256,25,1,2
5277,25,1,2
5281,25,1,2
5284,25,1,2
5294,25,1,2
5299,25,1,2
5300,25,1,2
5323,25,1,2
5326,25,1,2
5408,25,1,2
5501,25,1,2
5502,25,1,2
5508,25,1,2
5536,25,1,2
5595,25,1,2
5645,25,1,2
5660,25,1,2
5676,25,1,2
5722,25,1,2
5749,25,1,2
5761,25,1,2
5767,25,1,2
5781,25,1,2
5787,25,1,2
5793,25,1,2
5801,25,1,2
5815,25,1,2
5827,25,1,2
5886,25,1,2
5888,25,1,2
5897,25,1,2
5907,25,1,2
5933,25,1,2
5987,25,1,2
15,25,1,3
20,25,1,3
26,25,1,3
66,25,1,3
71,25,1,3
87,25,1,3
142,25,1,3
169,25,1,3
204,25,1,3
225,25,1,3
258,25,1,3
279,25,1,3
300,25,1,3
303,25,1,3
331,25,1,3
435,25,1,3
449,25,1,3
463,25,1,3
482,25,1,3
532,25,1,3
595,25,1,3
609,25,1,3
616,25,1,3
667,25,1,3
711,25,1,3
732,25,1,3
734,25,1,3
735,25,1,3
740,25,1,3
808,25,1,3
843,25,1,3
861,25,1,3
863,25,1,3
898,25,1,3
915,25,1,3
923,25,1,3
964,25,1,3
1030,25,1,3
1064,25,1,3
1079,25,1,3
1085,25,1,3
1090,25,1,3
1144,25,1,3
1204,25,1,3
1219,25,1,3
1251,25,1,3
1292,25,1,3
1297,25,1,3
1299,25,1,3
1304,25,1,3
1309,25,1,3
1312,25,1,3
1332,25,1,3
1340,25,1,3
1400,25,1,3
1416,25,1,3
1435,25,1,3
1453,25,1,3
1472,25,1,3
1473,25,1,3
1482,25,1,3
1488,25,1,3
1506,25,1,3
1666,25,1,3
1729,25,1,3
1762,25,1,3
1804,25,1,3
1825,25,1,3
1866,25,1,3
1932,25,1,3
1946,25,1,3
1947,25,1,3
1983,25,1,3
1990,25,1,3
2020,25,1,3
2022,25,1,3
2043,25,1,3
2118,25,1,3
2165,25,1,3
2232,25,1,3
2321,25,1,3
2362,25,1,3
2374,25,1,3
2415,25,1,3
2436,25,1,3
2447,25,1,3
2453,25,1,3
2458,25,1,3
2463,25,1,3
2472,25,1,3
2504,25,1,3
2505,25,1,3
2510,25,1,3
2511,25,1,3
2518,25,1,3
2553,25,1,3
2577,25,1,3
2600,25,1,3
2614,25,1,3
2615,25,1,3
2638,25,1,3
2645,25,1,3
2653,25,1,3
2658,25,1,3
2690,25,1,3
2696,25,1,3
2700,25,1,3
2708,25,1,3
2713,25,1,3
2735,25,1,3
2741,25,1,3
2743,25,1,3
2759,25,1,3
2764,25,1,3
2769,25,1,3
2776,25,1,3
2796,25,1,3
2803,25,1,3
2809,25,1,3
2816,25,1,3
2866,25,1,3
2888,25,1,3
2909,25,1,3
2915,25,1,3
2958,25,1,3
2969,25,1,3
2999,25,1,3
3056,25,1,3
3081,25,1,3
3125,25,1,3
3129,25,1,3
3130,25,1,3
3141,25,1,3
3147,25,1,3
3155,25,1,3
3161,25,1,3
3180,25,1,3
3208,25,1,3
3228,25,1,3
3231,25,1,3
3257,25,1,3
3262,25,1,3
3280,25,1,3
3288,25,1,3
3290,25,1,3
3314,25,1,3
3332,25,1,3
3345,25,1,3
3354,25,1,3
3357,25,1,3
3368,25,1,3
3395,25,1,3
3400,25,1,3
3412,25,1,3
3423,25,1,3
3427,25,1,3
3446,25,1,3
3449,25,1,3
3452,25,1,3
3465,25,1,3
3466,25,1,3
3467,25,1,3
3475,25,1,3
3478,25,1,3
3565,25,1,3
3567,25,1,3
3575,25,1,3
3612,25,1,3
3620,25,1,3
3628,25,1,3
3647,25,1,3
3651,25,1,3
3669,25,1,3
3681,25,1,3
3686,25,1,3
3691,25,1,3
3698,25,1,3
3700,25,1,3
3722,25,1,3
3723,25,1,3
3737,25,1,3
3753,25,1,3
3757,25,1,3
3783,25,1,3
3797,25,1,3
3798,25,1,3
3808,25,1,3
3835,25,1,3
3847,25,1,3
3853,25,1,3
3854,25,1,3
3874,25,1,3
3880,25,1,3
3918,25,1,3
3921,25,1,3
3932,25,1,3
3973,25,1,3
3984,25,1,3
3986,25,1,3
3991,25,1,3
4010,25,1,3
4017,25,1,3
4026,25,1,3
4053,25,1,3
4059,25,1,3
4060,25,1,3
4062,25,1,3
4089,25,1,3
4097,25,1,3
4124,25,1,3
4137,25,1,3
4138,25,1,3
4152,25,1,3
4182,25,1,3
4185,25,1,3
4186,25,1,3
4202,25,1,3
4203,25,1,3
4215,25,1,3
4237,25,1,3
4263,25,1,3
4287,25,1,3
4312,25,1,3
4353,25,1,3
4364,25,1,3
4382,25,1,3
4405,25,1,3
4409,25,1,3
4424,25,1,3
4428,25,1,3
4435,25,1,3
4448,25,1,3
4451,25,1,3
4460,25,1,3
4477,25,1,3
4481,25,1,3
4487,25,1,3
4509,25,1,3
4525,25,1,3
4528,25,1,3
4532,25,1,3
4546,25,1,3
4557,25,1,3
4559,25,1,3
4595,25,1,3
4618,25,1,3
4625,25,1,3
4626,25,1,3
4641,25,1,3
4650,25,1,3
4667,25,1,3
4682,25,1,3
4703,25,1,3
4706,25,1,3
4732,25,1,3
4824,25,1,3
4832,25,1,3
4853,25,1,3
4856,25,1,3
4857,25,1,3
4901,25,1,3
4932,25,1,3
4939,25,1,3
4961,25,1,3
5019,25,1,3
5065,25,1,3
5121,25,1,3
5153,25,1,3
5181,25,1,3
5192,25,1,3
5194,25,1,3
5220,25,1,3
5236,25,1,3
5237,25,1,3
5272,25,1,3
5324,25,1,3
5327,25,1,3
5335,25,1,3
5379,25,1,3
5381,25,1,3
5386,25,1,3
5391,25,1,3
5426,25,1,3
5438,25,1,3
5442,25,1,3
5496,25,1,3
5522,25,1,3
5617,25,1,3
5621,25,1,3
5624,25,1,3
5629,25,1,3
5634,25,1,3
5636,25,1,3
5701,25,1,3
5711,25,1,3
5739,25,1,3
5771,25,1,3
5797,25,1,3
5809,25,1,3
5813,25,1,3
5837,25,1,3
5859,25,1,3
5870,25,1,3
5893,25,1,3
5900,25,1,3
5923,25,1,3
5934,25,1,3
5975,25,1,3
6034,25,1,3
53,25,1,4
134,25,1,4
149,25,1,4
173,25,1,4
179,25,1,4
222,25,1,4
235,25,1,4
259,25,1,4
275,25,1,4
283,25,1,4
286,25,1,4
304,25,1,4
368,25,1,4
386,25,1,4
396,25,1,4
414,25,1,4
442,25,1,4
513,25,1,4
515,25,1,4
574,25,1,4
591,25,1,4
607,25,1,4
618,25,1,4
622,25,1,4
624,25,1,4
678,25,1,4
708,25,1,4
712,25,1,4
730,25,1,4
748,25,1,4
779,25,1,4
786,25,1,4
788,25,1,4
823,25,1,4
839,25,1,4
844,25,1,4
877,25,1,4
891,25,1,4
913,25,1,4
963,25,1,4
970,25,1,4
993,25,1,4
1010,25,1,4
1029,25,1,4
1050,25,1,4
1058,25,1,4
1100,25,1,4
1127,25,1,4
1128,25,1,4
1139,25,1,4
1161,25,1,4
1189,25,1,4
1208,25,1,4
1228,25,1,4
1264,25,1,4
1281,25,1,4
1303,25,1,4
1325,25,1,4
1338,25,1,4
1408,25,1,4
1457,25,1,4
1579,25,1,4
1584,25,1,4
1589,25,1,4
1599,25,1,4
1611,25,1,4
1616,25,1,4
1624,25,1,4
1635,25,1,4
1641,25,1,4
1650,25,1,4
1695,25,1,4
1708,25,1,4
1709,25,1,4
1712,25,1,4
1713,25,1,4
1716,25,1,4
1747,25,1,4
1776,25,1,4
1790,25,1,4
1835,25,1,4
1836,25,1,4
1851,25,1,4
1854,25,1,4
1902,25,1,4
1973,25,1,4
1995,25,1,4
1997,25,1,4
2021,25,1,4
2087,25,1,4
2105,25,1,4
2107,25,1,4
2124,25,1,4
2131,25,1,4
2149,25,1,4
2181,25,1,4
2208,25,1,4
2246,25,1,4
2272,25,1,4
2290,25,1,4
2376,25,1,4
2398,25,1,4
2414,25,1,4
2419,25,1,4
2445,25,1,4
2457,25,1,4
2554,25,1,4
2567,25,1,4
2589,25,1,4
2604,25,1,4
2627,25,1,4
2642,25,1,4
2686,25,1,4
2705,25,1,4
2767,25,1,4
2774,25,1,4
2811,25,1,4
2831,25,1,4
2840,25,1,4
2848,25,1,4
2857,25,1,4
2893,25,1,4
2917,25,1,4
2935,25,1,4
2940,25,1,4
2967,25,1,4
3011,25,1,4
3032,25,1,4
3071,25,1,4
3073,25,1,4
3074,25,1,4
3106,25,1,4
3110,25,1,4
3118,25,1,4
3146,25,1,4
3162,25,1,4
3170,25,1,4
3193,25,1,4
3209,25,1,4
3221,25,1,4
3320,25,1,4
3335,25,1,4
3355,25,1,4
3381,25,1,4
3480,25,1,4
3485,25,1,4
3490,25,1,4
3494,25,1,4
3507,25,1,4
3520,25,1,4
3521,25,1,4
3527,25,1,4
3530,25,1,4
3568,25,1,4
3595,25,1,4
3613,25,1,4
3614,25,1,4
3636,25,1,4
3641,25,1,4
3650,25,1,4
3665,25,1,4
3678,25,1,4
3689,25,1,4
3719,25,1,4
3730,25,1,4
3735,25,1,4
3741,25,1,4
3742,25,1,4
3744,25,1,4
3764,25,1,4
3767,25,1,4
3771,25,1,4
3774,25,1,4
3778,25,1,4
3826,25,1,4
3833,25,1,4
3859,25,1,4
3863,25,1,4
3872,25,1,4
3875,25,1,4
3876,25,1,4
3903,25,1,4
3908,25,1,4
3928,25,1,4
3934,25,1,4
3947,25,1,4
3956,25,1,4
3961,25,1,4
3966,25,1,4
3983,25,1,4
3993,25,1,4
4013,25,1,4
4014,25,1,4
4031,25,1,4
4034,25,1,4
4036,25,1,4
4066,25,1,4
4095,25,1,4
4140,25,1,4
4150,25,1,4
4154,25,1,4
4183,25,1,4
4227,25,1,4
4292,25,1,4
4307,25,1,4
4308,25,1,4
4309,25,1,4
4325,25,1,4
4334,25,1,4
4342,25,1,4
4344,25,1,4
4377,25,1,4
4384,25,1,4
4390,25,1,4
4404,25,1,4
4433,25,1,4
4459,25,1,4
4480,25,1,4
4512,25,1,4
4518,25,1,4
4552,25,1,4
4560,25,1,4
4569,25,1,4
4578,25,1,4
4581,25,1,4
4600,25,1,4
4607,25,1,4
4632,25,1,4
4642,25,1,4
4643,25,1,4
4683,25,1,4
4708,25,1,4
4728,25,1,4
4769,25,1,4
4778,25,1,4
4783,25,1,4
4798,25,1,4
4817,25,1,4
4829,25,1,4
4858,25,1,4
4862,25,1,4
4898,25,1,4
4980,25,1,4
4989,25,1,4
5086,25,1,4
5101,25,1,4
5113,25,1,4
5122,25,1,4
5142,25,1,4
5205,25,1,4
5207,25,1,4
5211,25,1,4
5229,25,1,4
5242,25,1,4
5274,25,1,4
5292,25,1,4
5309,25,1,4
5312,25,1,4
5375,25,1,4
5399,25,1,4
5404,25,1,4
5445,25,1,4
5473,25,1,4
5486,25,1,4
5509,25,1,4
5527,25,1,4
5554,25,1,4
5570,25,1,4
5574,25,1,4
5581,25,1,4
5592,25,1,4
5614,25,1,4
5625,25,1,4
5627,25,1,4
5659,25,1,4
5671,25,1,4
5677,25,1,4
5689,25,1,4
5697,25,1,4
5717,25,1,4
5720,25,1,4
5726,25,1,4
5736,25,1,4
5740,25,1,4
5747,25,1,4
5748,25,1,4
5770,25,1,4
5788,25,1,4
5795,25,1,4
5814,25,1,4
5816,25,1,4
5831,25,1,4
5836,25,1,4
5839,25,1,4
5880,25,1,4
5885,25,1,4
5895,25,1,4
5896,25,1,4
5912,25,1,4
5938,25,1,4
5979,25,1,4
5984,25,1,4
6019,25,1,4
6023,25,1,4
62,35,0,0
97,35,0,0
196,35,0,0
343,35,0,0
399,35,0,0
467,35,0,0
487,35,0,0
590,35,0,0
704,35,0,0
721,35,0,0
750,35,0,0
914,35,0,0
925,35,0,0
932,35,0,0
987,35,0,0
992,35,0,0
1295,35,0,0
1429,35,0,0
1536,35,0,0
1606,35,0,0
1609,35,0,0
1658,35,0,0
1813,35,0,0
1816,35,0,0
1999,35,0,0
2011,35,0,0
2050,35,0,0
2070,35,0,0
2198,35,0,0
2233,35,0,0
2237,35,0,0
2255,35,0,0
2353,35,0,0
2381,35,0,0
2409,35,0,0
2489,35,0,0
2508,35,0,0
2517,35,0,0
2529,35,0,0
2541,35,0,0
2548,35,0,0
2622,35,0,0
2633,35,0,0
2654,35,0,0
2667,35,0,0
2864,35,0,0
2907,35,0,0
2945,35,0,0
3009,35,0,0
3017,35,0,0
3068,35,0,0
3082,35,0,0
3168,35,0,0
3178,35,0,0
3254,35,0,0
3363,35,0,0
3443,35,0,0
3574,35,0,0
3601,35,0,0
3608,35,0,0
3663,35,0,0
3758,35,0,0
3770,35,0,0
3803,35,0,0
3915,35,0,0
3917,35,0,0
3933,35,0,0
4023,35,0,0
4044,35,0,0
4174,35,0,0
4223,35,0,0
4226,35,0,0
4252,35,0,0
4261,35,0,0
4262,35,0,0
4357,35,0,0
4437,35,0,0
4598,35,0,0
4637,35,0,0
4719,35,0,0
4767,35,0,0
4784,35,0,0
4797,35,0,0
4813,35,0,0
4848,35,0,0
4870,35,0,0
4876,35,0,0
4886,35,0,0
4925,35,0,0
4951,35,0,0
5044,35,0,0
5164,35,0,0
5175,35,0,0
5188,35,0,0
5210,35,0,0
5214,35,0,0
5304,35,0,0
5337,35,0,0
5352,35,0,0
5407,35,0,0
5433,35,0,0
5494,35,0,0
5560,35,0,0
5635,35,0,0
5695,35,0,0
5762,35,0,0
5930,35,0,0
5966,35,0,0
55,35,0,1
106,35,0,1
518,35,0,1
625,35,0,1
800,35,0,1
834,35,0,1
1407,35,0,1
1554,35,0,1
1819,35,0,1
2068,35,0,1
2248,35,0,1
2397,35,0,1
2647,35,0,1
2671,35,0,1
2807,35,0,1
2965,35,0,1
3253,35,0,1
3596,35,0,1
3676,35,0,1
3751,35,0,1
3936,35,0,1
4681,35,0,1
4909,35,0,1
5039,35,0,1
5172,35,0,1
5185,35,0,1
5200,35,0,1
5650,35,0,1
5822,35,0,1
146,35,0,2
201,35,0,2
382,35,0,2
455,35,0,2
520,35,0,2
548,35,0,2
573,35,0,2
912,35,0,2
1052,35,0,2
1238,35,0,2
1248,35,0,2
1253,35,0,2
1323,35,0,2
1489,35,0,2
1513,35,0,2
1594,35,0,2
1905,35,0,2
1939,35,0,2
2091,35,0,2
2161,35,0,2
2177,35,0,2
2564,35,0,2
2637,35,0,2
2874,35,0,2
2913,35,0,2
2934,35,0,2
2997,35,0,2
3038,35,0,2
3205,35,0,2
3445,35,0,2
3473,35,0,2
3497,35,0,2
3552,35,0,2
3842,35,0,2
3856,35,0,2
3944,35,0,2
4077,35,0,2
4179,35,0,2
4232,35,0,2
4456,35,0,2
4553,35,0,2
4603,35,0,2
4710,35,0,2
4726,35,0,2
4765,35,0,2
5055,35,0,2
5089,35,0,2
5103,35,0,2
5424,35,0,2
5500,35,0,2
5526,35,0,2
5545,35,0,2
5551,35,0,2
5663,35,0,2
5728,35,0,2
5755,35,0,2
5887,35,0,2
5905,35,0,2
5945,35,0,2
5991,35,0,2
30,35,0,3
98,35,0,3
265,35,0,3
353,35,0,3
374,35,0,3
387,35,0,3
519,35,0,3
630,35,0,3
793,35,0,3
795,35,0,3
883,35,0,3
934,35,0,3
1072,35,0,3
1136,35,0,3
1894,35,0,3
1914,35,0,3
1920,35,0,3
2009,35,0,3
2357,35,0,3
2371,35,0,3
2411,35,0,3
2425,35,0,3
2677,35,0,3
2739,35,0,3
2951,35,0,3
3020,35,0,3
3286,35,0,3
3325,35,0,3
3347,35,0,3
3501,35,0,3
3532,35,0,3
3549,35,0,3
3603,35,0,3
3743,35,0,3
3943,35,0,3
3960,35,0,3
4148,35,0,3
4246,35,0,3
4317,35,0,3
4434,35,0,3
4468,35,0,3
4674,35,0,3
4770,35,0,3
4865,35,0,3
5048,35,0,3
5182,35,0,3
5342,35,0,3
5579,35,0,3
5611,35,0,3
5718,35,0,3
5804,35,0,3
5841,35,0,3
5901,35,0,3
6017,35,0,3
10,35,0,4
16,35,0,4
140,35,0,4
277,35,0,4
281,35,0,4
285,35,0,4
364,35,0,4
379,35,0,4
415,35,0,4
494,35,0,4
628,35,0,4
641,35,0,4
642,35,0,4
755,35,0,4
826,35,0,4
919,35,0,4
1012,35,0,4
1024,35,0,4
1034,35,0,4
1039,35,0,4
1158,35,0,4
1162,35,0,4
1185,35,0,4
1191,35,0,4
1242,35,0,4
1288,35,0,4
1291,35,0,4
1350,35,0,4
1781,35,0,4
1823,35,0,4
1893,35,0,4
2123,35,0,4
2268,35,0,4
2443,35,0,4
2525,35,0,4
2543,35,0,4
2547,35,0,4
2624,35,0,4
2745,35,0,4
2804,35,0,4
2820,35,0,4
3025,35,0,4
3060,35,0,4
3078,35,0,4
3217,35,0,4
3246,35,0,4
3271,35,0,4
3330,35,0,4
3582,35,0,4
3627,35,0,4
3664,35,0,4
3704,35,0,4
3805,35,0,4
3807,35,0,4
3895,35,0,4
4048,35,0,4
4063,35,0,4
4206,35,0,4
4208,35,0,4
4482,35,0,4
4530,35,0,4
4599,35,0,4
4794,35,0,4
4804,35,0,4
4822,35,0,4
4842,35,0,4
4924,35,0,4
4946,35,0,4
5016,35,0,4
5090,35,0,4
5095,35,0,4
5106,35,0,4
5190,35,0,4
5406,35,0,4
5476,35,0,4
5562,35,0,4
5573,35,0,4
5613,35,0,4
5643,35,0,4
5673,35,0,4
5743,35,0,4
5782,35,0,4
5790,35,0,4
5833,35,0,4
5835,35,0,4
5929,35,0,4
5995,35,0,4
100,35,1,0
118,35,1,0
123,35,1,0
130,35,1,0
208,35,1,0
254,35,1,0
320,35,1,0
324,35,1,0
360,35,1,0
381,35,1,0
393,35,1,0
397,35,1,0
437,35,1,0
469,35,1,0
498,35,1,0
502,35,1,0
505,35,1,0
525,35,1,0
535,35,1,0
545,35,1,0
600,35,1,0
631,35,1,0
857,35,1,0
880,35,1,0
1008,35,1,0
1015,35,1,0
1042,35,1,0
1048,35,1,0
1089,35,1,0
1105,35,1,0
1129,35,1,0
1148,35,1,0
1215,35,1,0
1276,35,1,0
1286,35,1,0
1298,35,1,0
1358,35,1,0
1422,35,1,0
1439,35,1,0
1481,35,1,0
1507,35,1,0
1549,35,1,0
1559,35,1,0
1583,35,1,0
1640,35,1,0
1689,35,1,0
1723,35,1,0
1743,35,1,0
1753,35,1,0
1834,35,1,0
1848,35,1,0
1907,35,1,0
1941,35,1,0
1942,35,1,0
1974,35,1,0
1976,35,1,0
1993,35,1,0
2089,35,1,0
2090,35,1,0
2115,35,1,0
2125,35,1,0
2218,35,1,0
2254,35,1,0
2286,35,1,0
2298,35,1,0
2323,35,1,0
2324,35,1,0
2337,35,1,0
2342,35,1,0
2384,35,1,0
2394,35,1,0
2399,35,1,0
2442,35,1,0
2448,35,1,0
2503,35,1,0
2521,35,1,0
2565,35,1,0
2566,35,1,0
2571,35,1,0
2670,35,1,0
2710,35,1,0
2761,35,1,0
2772,35,1,0
2815,35,1,0
2842,35,1,0
2860,35,1,0
2889,35,1,0
2905,35,1,0
2959,35,1,0
2962,35,1,0
2994,35,1,0
3024,35,1,0
3064,35,1,0
3076,35,1,0
3115,35,1,0
3138,35,1,0
3251,35,1,0
3300,35,1,0
3324,35,1,0
3336,35,1,0
3353,35,1,0
3374,35,1,0
3403,35,1,0
3470,35,1,0
3496,35,1,0
3515,35,1,0
3528,35,1,0
3534,35,1,0
3587,35,1,0
3591,35,1,0
3607,35,1,0
3645,35,1,0
3672,35,1,0
3692,35,1,0
3717,35,1,0
3724,35,1,0
3759,35,1,0
3772,35,1,0
3773,35,1,0
3809,35,1,0
3812,35,1,0
3817,35,1,0
3867,35,1,0
3920,35,1,0
3995,35,1,0
3997,35,1,0
3999,35,1,0
4019,35,1,0
4050,35,1,0
4054,35,1,0
4057,35,1,0
4074,35,1,0
4079,35,1,0
4099,35,1,0
4108,35,1,0
4109,35,1,0
4113,35,1,0
4128,35,1,0
4130,35,1,0
4141,35,1,0
4146,35,1,0
4177,35,1,0
4192,35,1,0
4219,35,1,0
4229,35,1,0
4240,35,1,0
4244,35,1,0
4259,35,1,0
4280,35,1,0
4286,35,1,0
4327,35,1,0
4331,35,1,0
4341,35,1,0
4358,35,1,0
4372,35,1,0
4439,35,1,0
4486,35,1,0
4490,35,1,0
4529,35,1,0
4566,35,1,0
4670,35,1,0
4712,35,1,0
4725,35,1,0
4757,35,1,0
4760,35,1,0
4868,35,1,0
4891,35,1,0
4896,35,1,0
4935,35,1,0
4947,35,1,0
5006,35,1,0
5015,35,1,0
5116,35,1,0
5165,35,1,0
5298,35,1,0
5322,35,1,0
5421,35,1,0
5452,35,1,0
5553,35,1,0
5630,35,1,0
5640,35,1,0
5678,35,1,0
5794,35,1,0
5849,35,1,0
5881,35,1,0
5899,35,1,0
6007,35,1,0
6026,35,1,0
65,35,1,1
111,35,1,1
155,35,1,1
205,35,1,1
266,35,1,1
291,35,1,1
328,35,1,1
412,35,1,1
427,35,1,1
503,35,1,1
529,35,1,1
544,35,1,1
547,35,1,1
597,35,1,1
637,35,1,1
647,35,1,1
691,35,1,1
693,35,1,1
727,35,1,1
729,35,1,1
739,35,1,1
805,35,1,1
824,35,1,1
1005,35,1,1
1067,35,1,1
1104,35,1,1
1202,35,1,1
1243,35,1,1
1285,35,1,1
1362,35,1,1
1391,35,1,1
1440,35,1,1
1446,35,1,1
1464,35,1,1
1511,35,1,1
1685,35,1,1
1686,35,1,1
1744,35,1,1
1799,35,1,1
1875,35,1,1
1888,35,1,1
2103,35,1,1
2119,35,1,1
2122,35,1,1
2354,35,1,1
2527,35,1,1
2537,35,1,1
2579,35,1,1
2619,35,1,1
2640,35,1,1
2665,35,1,1
2695,35,1,1
2703,35,1,1
2728,35,1,1
2730,35,1,1
2781,35,1,1
2817,35,1,1
2826,35,1,1
2856,35,1,1
2868,35,1,1
2923,35,1,1
2933,35,1,1
2941,35,1,1
2943,35,1,1
2975,35,1,1
2989,35,1,1
2990,35,1,1
3050,35,1,1
3052,35,1,1
3092,35,1,1
3105,35,1,1
3187,35,1,1
3226,35,1,1
3232,35,1,1
3247,35,1,1
3393,35,1,1
3474,35,1,1
3545,35,1,1
3570,35,1,1
3572,35,1,1
3623,35,1,1
3661,35,1,1
3702,35,1,1
3775,35,1,1
3914,35,1,1
3957,35,1,1
4007,35,1,1
4042,35,1,1
4069,35,1,1
4221,35,1,1
4233,35,1,1
4301,35,1,1
4361,35,1,1
4466,35,1,1
4470,35,1,1
4521,35,1,1
4562,35,1,1
4564,35,1,1
4639,35,1,1
4653,35,1,1
4721,35,1,1
4722,35,1,1
4903,35,1,1
4908,35,1,1
4953,35,1,1
4956,35,1,1
5003,35,1,1
5017,35,1,1
5037,35,1,1
5110,35,1,1
5180,35,1,1
5186,35,1,1
5193,35,1,1
5258,35,1,1
5261,35,1,1
5469,35,1,1
5493,35,1,1
5519,35,1,1
5550,35,1,1
5596,35,1,1
5604,35,1,1
5622,35,1,1
5631,35,1,1
5699,35,1,1
5778,35,1,1
5970,35,1,1
6011,35,1,1
6012,35,1,1
56,35,1,2
157,35,1,2
227,35,1,2
241,35,1,2
245,35,1,2
250,35,1,2
333,35,1,2
362,35,1,2
551,35,1,2
558,35,1,2
562,35,1,2
567,35,1,2
613,35,1,2
645,35,1,2
679,35,1,2
706,35,1,2
733,35,1,2
904,35,1,2
958,35,1,2
1031,35,1,2
1249,35,1,2
1273,35,1,2
1324,35,1,2
1346,35,1,2
1352,35,1,2
1370,35,1,2
1377,35,1,2
1390,35,1,2
1417,35,1,2
1441,35,1,2
1443,35,1,2
1449,35,1,2
1451,35,1,2
1462,35,1,2
1522,35,1,2
1566,35,1,2
1668,35,1,2
1674,35,1,2
1690,35,1,2
1692,35,1,2
1698,35,1,2
1727,35,1,2
1737,35,1,2
1738,35,1,2
1751,35,1,2
1770,35,1,2
1881,35,1,2
1882,35,1,2
1994,35,1,2
2018,35,1,2
2031,35,1,2
2094,35,1,2
2098,35,1,2
2340,35,1,2
2345,35,1,2
2407,35,1,2
2601,35,1,2
2652,35,1,2
2773,35,1,2
2798,35,1,2
2802,35,1,2
2835,35,1,2
2946,35,1,2
2978,35,1,2
2979,35,1,2
3044,35,1,2
3175,35,1,2
3230,35,1,2
3283,35,1,2
3313,35,1,2
3376,35,1,2
3402,35,1,2
3526,35,1,2
3547,35,1,2
3553,35,1,2
3585,35,1,2
3586,35,1,2
3600,35,1,2
3646,35,1,2
3662,35,1,2
3878,35,1,2
3894,35,1,2
3923,35,1,2
3940,35,1,2
4125,35,1,2
4160,35,1,2
4238,35,1,2
4277,35,1,2
4356,35,1,2
4594,35,1,2
4647,35,1,2
4654,35,1,2
4665,35,1,2
4673,35,1,2
4678,35,1,2
4737,35,1,2
4766,35,1,2
4789,35,1,2
4833,35,1,2
4897,35,1,2
4974,35,1,2
4979,35,1,2
5023,35,1,2
5052,35,1,2
5054,35,1,2
5104,35,1,2
5111,35,1,2
5124,35,1,2
5586,35,1,2
5679,35,1,2
5714,35,1,2
5890,35,1,2
5914,35,1,2
29,35,1,3
74,35,1,3
76,35,1,3
91,35,1,3
121,35,1,3
150,35,1,3
160,35,1,3
215,35,1,3
218,35,1,3
234,35,1,3
292,35,1,3
317,35,1,3
327,35,1,3
329,35,1,3
335,35,1,3
338,35,1,3
344,35,1,3
439,35,1,3
471,35,1,3
477,35,1,3
586,35,1,3
598,35,1,3
646,35,1,3
651,35,1,3
664,35,1,3
672,35,1,3
681,35,1,3
702,35,1,3
707,35,1,3
713,35,1,3
749,35,1,3
754,35,1,3
758,35,1,3
791,35,1,3
819,35,1,3
820,35,1,3
830,35,1,3
833,35,1,3
858,35,1,3
862,35,1,3
935,35,1,3
946,35,1,3
950,35,1,3
976,35,1,3
1036,35,1,3
1063,35,1,3
1098,35,1,3
1181,35,1,3
1209,35,1,3
1259,35,1,3
1315,35,1,3
1328,35,1,3
1339,35,1,3
1343,35,1,3
1397,35,1,3
1487,35,1,3
1592,35,1,3
1600,35,1,3
1661,35,1,3
1696,35,1,3
1741,35,1,3
1763,35,1,3
1797,35,1,3
1838,35,1,3
1849,35,1,3
1864,35,1,3
1873,35,1,3
1895,35,1,3
1923,35,1,3
1927,35,1,3
1980,35,1,3
2051,35,1,3
2086,35,1,3
2136,35,1,3
2209,35,1,3
2251,35,1,3
2283,35,1,3
2319,35,1,3
2336,35,1,3
2369,35,1,3
2395,35,1,3
2421,35,1,3
2455,35,1,3
2470,35,1,3
2481,35,1,3
2485,35,1,3
2491,35,1,3
2539,35,1,3
2572,35,1,3
2575,35,1,3
2583,35,1,3
2587,35,1,3
2594,35,1,3
2605,35,1,3
2616,35,1,3
2625,35,1,3
2655,35,1,3
2659,35,1,3
2664,35,1,3
2672,35,1,3
2673,35,1,3
2675,35,1,3
2683,35,1,3
2722,35,1,3
2725,35,1,3
2731,35,1,3
2755,35,1,3
2779,35,1,3
2793,35,1,3
2814,35,1,3
2830,35,1,3
2890,35,1,3
2899,35,1,3
2955,35,1,3
3014,35,1,3
3132,35,1,3
3156,35,1,3
3165,35,1,3
3207,35,1,3
3220,35,1,3
3222,35,1,3
3237,35,1,3
3238,35,1,3
3273,35,1,3
3275,35,1,3
3278,35,1,3
3323,35,1,3
3346,35,1,3
3356,35,1,3
3366,35,1,3
3384,35,1,3
3394,35,1,3
3401,35,1,3
3405,35,1,3
3415,35,1,3
3453,35,1,3
3492,35,1,3
3500,35,1,3
3523,35,1,3
3561,35,1,3
3617,35,1,3
3633,35,1,3
3640,35,1,3
3660,35,1,3
3675,35,1,3
3696,35,1,3
3727,35,1,3
3813,35,1,3
3886,35,1,3
3935,35,1,3
3977,35,1,3
4000,35,1,3
4005,35,1,3
4022,35,1,3
4030,35,1,3
4098,35,1,3
4114,35,1,3
4116,35,1,3
4172,35,1,3
4189,35,1,3
4196,35,1,3
4204,35,1,3
4213,35,1,3
4241,35,1,3
4267,35,1,3
4269,35,1,3
4271,35,1,3
4289,35,1,3
4291,35,1,3
4319,35,1,3
4354,35,1,3
4363,35,1,3
4425,35,1,3
4455,35,1,3
4457,35,1,3
4474,35,1,3
4488,35,1,3
4511,35,1,3
4558,35,1,3
4565,35,1,3
4571,35,1,3
4577,35,1,3
4585,35,1,3
4587,35,1,3
4601,35,1,3
4602,35,1,3
4668,35,1,3
4669,35,1,3
4687,35,1,3
4718,35,1,3
4723,35,1,3
4741,35,1,3
4788,35,1,3
4796,35,1,3
4819,35,1,3
4884,35,1,3
4894,35,1,3
4902,35,1,3
4971,35,1,3
4978,35,1,3
4996,35,1,3
5022,35,1,3
5036,35,1,3
5068,35,1,3
5132,35,1,3
5135,35,1,3
5145,35,1,3
5159,35,1,3
5168,35,1,3
5195,35,1,3
5206,35,1,3
5231,35,1,3
5239,35,1,3
5260,35,1,3
5263,35,1,3
5267,35,1,3
5295,35,1,3
5331,35,1,3
5358,35,1,3
5374,35,1,3
5378,35,1,3
5393,35,1,3
5454,35,1,3
5464,35,1,3
5478,35,1,3
5557,35,1,3
5566,35,1,3
5575,35,1,3
5599,35,1,3
5615,35,1,3
5620,35,1,3
5667,35,1,3
5674,35,1,3
5675,35,1,3
5691,35,1,3
5698,35,1,3
5772,35,1,3
5800,35,1,3
5807,35,1,3
5868,35,1,3
5879,35,1,3
5882,35,1,3
5927,35,1,3
5962,35,1,3
5971,35,1,3
5981,35,1,3
7,35,1,4
14,35,1,4
23,35,1,4
102,35,1,4
141,35,1,4
209,35,1,4
226,35,1,4
255,35,1,4
264,35,1,4
354,35,1,4
369,35,1,4
376,35,1,4
420,35,1,4
441,35,1,4
456,35,1,4
472,35,1,4
476,35,1,4
512,35,1,4
577,35,1,4
611,35,1,4
614,35,1,4
756,35,1,4
806,35,1,4
850,35,1,4
865,35,1,4
885,35,1,4
892,35,1,4
944,35,1,4
956,35,1,4
957,35,1,4
974,35,1,4
975,35,1,4
1017,35,1,4
1019,35,1,4
1021,35,1,4
1053,35,1,4
1055,35,1,4
1101,35,1,4
1119,35,1,4
1183,35,1,4
1197,35,1,4
1222,35,1,4
1247,35,1,4
1279,35,1,4
1290,35,1,4
1335,35,1,4
1342,35,1,4
1359,35,1,4
1411,35,1,4
1424,35,1,4
1432,35,1,4
1548,35,1,4
1590,35,1,4
1595,35,1,4
1598,35,1,4
1614,35,1,4
1671,35,1,4
1722,35,1,4
1761,35,1,4
1780,35,1,4
1817,35,1,4
1880,35,1,4
1903,35,1,4
1936,35,1,4
1952,35,1,4
1956,35,1,4
1996,35,1,4
2006,35,1,4
2046,35,1,4
2057,35,1,4
2059,35,1,4
2064,35,1,4
2164,35,1,4
2171,35,1,4
2200,35,1,4
2316,35,1,4
2347,35,1,4
2377,35,1,4
2438,35,1,4
2462,35,1,4
2613,35,1,4
2635,35,1,4
2720,35,1,4
2770,35,1,4
2834,35,1,4
2877,35,1,4
2906,35,1,4
3007,35,1,4
3018,35,1,4
3030,35,1,4
3059,35,1,4
3094,35,1,4
3117,35,1,4
3203,35,1,4
3216,35,1,4
3272,35,1,4
3321,35,1,4
3334,35,1,4
3344,35,1,4
3352,35,1,4
3379,35,1,4
3410,35,1,4
3436,35,1,4
3461,35,1,4
3538,35,1,4
3701,35,1,4
3711,35,1,4
3736,35,1,4
3846,35,1,4
3849,35,1,4
3896,35,1,4
3955,35,1,4
3974,35,1,4
3978,35,1,4
4080,35,1,4
4149,35,1,4
4164,35,1,4
4175,35,1,4
4207,35,1,4
4220,35,1,4
4282,35,1,4
4285,35,1,4
4335,35,1,4
4367,35,1,4
4440,35,1,4
4453,35,1,4
4473,35,1,4
4539,35,1,4
4542,35,1,4
4666,35,1,4
4680,35,1,4
4685,35,1,4
4805,35,1,4
4808,35,1,4
4811,35,1,4
4827,35,1,4
4852,35,1,4
4875,35,1,4
4920,35,1,4
4937,35,1,4
4964,35,1,4
4972,35,1,4
4975,35,1,4
4984,35,1,4
4985,35,1,4
5045,35,1,4
5082,35,1,4
5112,35,1,4
5149,35,1,4
5157,35,1,4
5224,35,1,4
5226,35,1,4
5266,35,1,4
5362,35,1,4
5383,35,1,4
5413,35,1,4
5427,35,1,4
5456,35,1,4
5463,35,1,4
5467,35,1,4
5472,35,1,4
5477,35,1,4
5479,35,1,4
5513,35,1,4
5523,35,1,4
5540,35,1,4
5601,35,1,4
5602,35,1,4
5708,35,1,4
5712,35,1,4
5798,35,1,4
5843,35,1,4
5894,35,1,4
5924,35,1,4
5977,35,1,4
5978,35,1,4
5982,35,1,4
5994,35,1,4
6010,35,1,4
6018,35,1,4
127,45,0,0
137,45,0,0
294,45,0,0
421,45,0,0
434,45,0,0
856,45,0,0
907,45,0,0
1014,45,0,0
1078,45,0,0
1271,45,0,0
1375,45,0,0
1576,45,0,0
1899,45,0,0
1918,45,0,0
2277,45,0,0
2317,45,0,0
2355,45,0,0
2423,45,0,0
2441,45,0,0
2516,45,0,0
2540,45,0,0
2560,45,0,0
2612,45,0,0
3096,45,0,0
3304,45,0,0
3407,45,0,0
3431,45,0,0
3656,45,0,0
3858,45,0,0
4015,45,0,0
4065,45,0,0
4168,45,0,0
4222,45,0,0
4234,45,0,0
4293,45,0,0
4305,45,0,0
4330,45,0,0
4691,45,0,0
4816,45,0,0
4834,45,0,0
4840,45,0,0
4850,45,0,0
4869,45,0,0
4880,45,0,0
5041,45,0,0
5109,45,0,0
5203,45,0,0
5354,45,0,0
5867,45,0,0
6003,45,0,0
193,45,0,1
447,45,0,1
511,45,0,1
576,45,0,1
905,45,0,1
943,45,0,1
1428,45,0,1
2112,45,0,1
2256,45,0,1
2444,45,0,1
2617,45,0,1
3021,45,0,1
3948,45,0,1
4134,45,0,1
4191,45,0,1
4419,45,0,1
4469,45,0,1
5590,45,0,1
5904,45,0,1
5939,45,0,1
45,45,0,2
233,45,0,2
656,45,0,2
1070,45,0,2
1140,45,0,2
1233,45,0,2
1355,45,0,2
1364,45,0,2
1877,45,0,2
2033,45,0,2
2034,45,0,2
2308,45,0,2
2366,45,0,2
2385,45,0,2
2488,45,0,2
2492,45,0,2
2519,45,0,2
2724,45,0,2
3093,45,0,2
3390,45,0,2
3779,45,0,2
3873,45,0,2
4018,45,0,2
4268,45,0,2
4275,45,0,2
4408,45,0,2
4472,45,0,2
4836,45,0,2
4983,45,0,2
5009,45,0,2
5410,45,0,2
5440,45,0,2
5857,45,0,2
5910,45,0,2
5947,45,0,2
156,45,0,3
1028,45,0,3
1103,45,0,3
1378,45,0,3
1615,45,0,3
1633,45,0,3
2142,45,0,3
2264,45,0,3
2372,45,0,3
2512,45,0,3
2531,45,0,3
3483,45,0,3
3668,45,0,3
4110,45,0,3
4278,45,0,3
4664,45,0,3
5189,45,0,3
5248,45,0,3
5249,45,0,3
5838,45,0,3
72,45,0,4
78,45,0,4
79,45,0,4
88,45,0,4
159,45,0,4
183,45,0,4
187,45,0,4
411,45,0,4
831,45,0,4
918,45,0,4
1026,45,0,4
1376,45,0,4
1382,45,0,4
1455,45,0,4
1461,45,0,4
1477,45,0,4
1654,45,0,4
1657,45,0,4
1766,45,0,4
1871,45,0,4
2038,45,0,4
2044,45,0,4
2128,45,0,4
2222,45,0,4
2230,45,0,4
2269,45,0,4
2309,45,0,4
2343,45,0,4
2408,45,0,4
2542,45,0,4
2580,45,0,4
3210,45,0,4
3430,45,0,4
3529,45,0,4
3589,45,0,4
3945,45,0,4
3952,45,0,4
3959,45,0,4
3981,45,0,4
4197,45,0,4
4224,45,0,4
4274,45,0,4
4276,45,0,4
4326,45,0,4
4537,45,0,4
4584,45,0,4
4593,45,0,4
4614,45,0,4
4651,45,0,4
4905,45,0,4
5024,45,0,4
5107,45,0,4
5245,45,0,4
5351,45,0,4
5430,45,0,4
5594,45,0,4
5600,45,0,4
5783,45,0,4
5943,45,0,4
5952,45,0,4
5960,45,0,4
5961,45,0,4
6037,45,0,4
6039,45,0,4
33,45,1,0
44,45,1,0
211,45,1,0
526,45,1,0
550,45,1,0
604,45,1,0
632,45,1,0
639,45,1,0
731,45,1,0
769,45,1,0
1057,45,1,0
1074,45,1,0
1289,45,1,0
1392,45,1,0
1531,45,1,0
1565,45,1,0
1630,45,1,0
1665,45,1,0
1734,45,1,0
1972,45,1,0
2028,45,1,0
2185,45,1,0
2210,45,1,0
2211,45,1,0
2241,45,1,0
2262,45,1,0
2338,45,1,0
2402,45,1,0
2428,45,1,0
2439,45,1,0
2484,45,1,0
2643,45,1,0
2646,45,1,0
2702,45,1,0
2732,45,1,0
2733,45,1,0
2740,45,1,0
2783,45,1,0
2867,45,1,0
2981,45,1,0
3013,45,1,0
3258,45,1,0
3282,45,1,0
3289,45,1,0
3469,45,1,0
3488,45,1,0
3818,45,1,0
3860,45,1,0
3888,45,1,0
3889,45,1,0
3941,45,1,0
4046,45,1,0
4190,45,1,0
4211,45,1,0
4272,45,1,0
4388,45,1,0
4426,45,1,0
4447,45,1,0
4570,45,1,0
4701,45,1,0
4717,45,1,0
4735,45,1,0
4779,45,1,0
4786,45,1,0
4963,45,1,0
4993,45,1,0
4994,45,1,0
5047,45,1,0
5060,45,1,0
5072,45,1,0
5127,45,1,0
5129,45,1,0
5163,45,1,0
5484,45,1,0
5490,45,1,0
5556,45,1,0
6000,45,1,0
105,45,1,1
109,45,1,1
180,45,1,1
267,45,1,1
323,45,1,1
391,45,1,1
445,45,1,1
560,45,1,1
867,45,1,1
874,45,1,1
1066,45,1,1
1171,45,1,1
1798,45,1,1
1826,45,1,1
1846,45,1,1
1985,45,1,1
2053,45,1,1
2104,45,1,1
2203,45,1,1
2240,45,1,1
2281,45,1,1
2295,45,1,1
2304,45,1,1
2310,45,1,1
2451,45,1,1
2515,45,1,1
2585,45,1,1
2602,45,1,1
2726,45,1,1
2736,45,1,1
2849,45,1,1
3002,45,1,1
3279,45,1,1
3898,45,1,1
4049,45,1,1
4133,45,1,1
4253,45,1,1
4297,45,1,1
4661,45,1,1
4826,45,1,1
4882,45,1,1
4942,45,1,1
5010,45,1,1
5040,45,1,1
5481,45,1,1
5538,45,1,1
5721,45,1,1
5737,45,1,1
5954,45,1,1
161,45,1,2
256,45,1,2
276,45,1,2
350,45,1,2
432,45,1,2
660,45,1,2
827,45,1,2
879,45,1,2
889,45,1,2
951,45,1,2
998,45,1,2
1041,45,1,2
1284,45,1,2
1305,45,1,2
1552,45,1,2
1643,45,1,2
1768,45,1,2
1788,45,1,2
1884,45,1,2
2187,45,1,2
2243,45,1,2
2247,45,1,2
2450,45,1,2
2493,45,1,2
2573,45,1,2
2666,45,1,2
2829,45,1,2
2916,45,1,2
3061,45,1,2
3089,45,1,2
3204,45,1,2
3261,45,1,2
3338,45,1,2
3340,45,1,2
3348,45,1,2
3822,45,1,2
3985,45,1,2
4002,45,1,2
4067,45,1,2
4151,45,1,2
4496,45,1,2
4556,45,1,2
4748,45,1,2
4795,45,1,2
4881,45,1,2
4948,45,1,2
5005,45,1,2
5059,45,1,2
5286,45,1,2
5289,45,1,2
5447,45,1,2
5534,45,1,2
5564,45,1,2
5846,45,1,2
5892,45,1,2
4,45,1,3
103,45,1,3
107,45,1,3
125,45,1,3
278,45,1,3
416,45,1,3
460,45,1,3
481,45,1,3
537,45,1,3
909,45,1,3
945,45,1,3
1037,45,1,3
1049,45,1,3
1082,45,1,3
1157,45,1,3
1188,45,1,3
1225,45,1,3
1258,45,1,3
1274,45,1,3
1317,45,1,3
1415,45,1,3
1586,45,1,3
1869,45,1,3
1874,45,1,3
1916,45,1,3
1960,45,1,3
2071,45,1,3
2140,45,1,3
2178,45,1,3
2206,45,1,3
2330,45,1,3
2373,45,1,3
2416,45,1,3
2452,45,1,3
2487,45,1,3
2610,45,1,3
2650,45,1,3
2685,45,1,3
2721,45,1,3
2766,45,1,3
2819,45,1,3
2862,45,1,3
2980,45,1,3
3201,45,1,3
3293,45,1,3
3306,45,1,3
3310,45,1,3
3326,45,1,3
3369,45,1,3
3421,45,1,3
3535,45,1,3
3548,45,1,3
3670,45,1,3
3705,45,1,3
3720,45,1,3
3738,45,1,3
3796,45,1,3
3841,45,1,3
3866,45,1,3
3939,45,1,3
3958,45,1,3
4112,45,1,3
4121,45,1,3
4131,45,1,3
4170,45,1,3
4176,45,1,3
4200,45,1,3
4251,45,1,3
4270,45,1,3
4306,45,1,3
4321,45,1,3
4510,45,1,3
4657,45,1,3
4676,45,1,3
4774,45,1,3
4844,45,1,3
4923,45,1,3
5078,45,1,3
5177,45,1,3
5389,45,1,3
5435,45,1,3
5504,45,1,3
5507,45,1,3
5542,45,1,3
5580,45,1,3
5769,45,1,3
5854,45,1,3
5958,45,1,3
6032,45,1,3
13,45,1,4
35,45,1,4
40,45,1,4
95,45,1,4
185,45,1,4
216,45,1,4
230,45,1,4
450,45,1,4
564,45,1,4
661,45,1,4
816,45,1,4
933,45,1,4
972,45,1,4
1061,45,1,4
1190,45,1,4
1310,45,1,4
1331,45,1,4
1357,45,1,4
1533,45,1,4
1540,45,1,4
1607,45,1,4
1625,45,1,4
1745,45,1,4
1782,45,1,4
1786,45,1,4
1891,45,1,4
2004,45,1,4
2013,45,1,4
2130,45,1,4
2229,45,1,4
2291,45,1,4
2312,45,1,4
2417,45,1,4
2477,45,1,4
2544,45,1,4
2563,45,1,4
2569,45,1,4
2669,45,1,4
2701,45,1,4
3045,45,1,4
3119,45,1,4
3419,45,1,4
3428,45,1,4
3435,45,1,4
3458,45,1,4
3566,45,1,4
3616,45,1,4
3666,45,1,4
3747,45,1,4
3877,45,1,4
3919,45,1,4
3949,45,1,4
3998,45,1,4
4064,45,1,4
4161,45,1,4
4264,45,1,4
4273,45,1,4
4348,45,1,4
4421,45,1,4
4476,45,1,4
4494,45,1,4
4522,45,1,4
4709,45,1,4
4749,45,1,4
4773,45,1,4
4782,45,1,4
4838,45,1,4
4872,45,1,4
4917,45,1,4
4927,45,1,4
4929,45,1,4
4954,45,1,4
5014,45,1,4
5056,45,1,4
5125,45,1,4
5174,45,1,4
5265,45,1,4
5291,45,1,4
5356,45,1,4
5409,45,1,4
5448,45,1,4
5511,45,1,4
5520,45,1,4
5582,45,1,4
5616,45,1,4
5820,45,1,4
5928,45,1,4
5942,45,1,4
5969,45,1,4
6014,45,1,4
6016,45,1,4
6,50,0,0
67,50,0,0
171,50,0,0
319,50,0,0
325,50,0,0
568,50,0,0
697,50,0,0
893,50,0,0
942,50,0,0
1436,50,0,0
1717,50,0,0
1961,50,0,0
1963,50,0,0
1998,50,0,0
2139,50,0,0
2220,50,0,0
2313,50,0,0
2422,50,0,0
2482,50,0,0
2534,50,0,0
2697,50,0,0
2884,50,0,0
3039,50,0,0
3171,50,0,0
3292,50,0,0
3765,50,0,0
3836,50,0,0
3979,50,0,0
4159,50,0,0
4322,50,0,0
4467,50,0,0
4645,50,0,0
4781,50,0,0
4839,50,0,0
5340,50,0,0
5423,50,0,0
5549,50,0,0
1043,50,0,1
2072,50,0,1
2609,50,0,1
2715,50,0,1
2716,50,0,1
4809,50,0,1
4940,50,0,1
5080,50,0,1
5169,50,0,1
5764,50,0,1
312,50,0,2
1111,50,0,2
1156,50,0,2
1180,50,0,2
1294,50,0,2
1336,50,0,2
1371,50,0,2
1479,50,0,2
1897,50,0,2
2141,50,0,2
2170,50,0,2
2266,50,0,2
2356,50,0,2
2738,50,0,2
2753,50,0,2
2878,50,0,2
3143,50,0,2
4178,50,0,2
4365,50,0,2
4912,50,0,2
4968,50,0,2
5238,50,0,2
5349,50,0,2
5361,50,0,2
5516,50,0,2
5533,50,0,2
5993,50,0,2
238,50,0,3
797,50,0,3
841,50,0,3
955,50,0,3
1206,50,0,3
1287,50,0,3
1575,50,0,3
2159,50,0,3
2375,50,0,3
2497,50,0,3
3629,50,0,3
3755,50,0,3
4147,50,0,3
4231,50,0,3
4792,50,0,3
4815,50,0,3
4907,50,0,3
5051,50,0,3
5325,50,0,3
5405,50,0,3
5713,50,0,3
5926,50,0,3
59,50,0,4
168,50,0,4
446,50,0,4
593,50,0,4
657,50,0,4
689,50,0,4
771,50,0,4
908,50,0,4
910,50,0,4
1107,50,0,4
1167,50,0,4
1212,50,0,4
1387,50,0,4
1631,50,0,4
1883,50,0,4
1959,50,0,4
2049,50,0,4
2253,50,0,4
2289,50,0,4
2320,50,0,4
2460,50,0,4
2597,50,0,4
2631,50,0,4
2942,50,0,4
3049,50,0,4
3083,50,0,4
3215,50,0,4
3241,50,0,4
3477,50,0,4
3682,50,0,4
3687,50,0,4
4145,50,0,4
4250,50,0,4
4418,50,0,4
4464,50,0,4
4759,50,0,4
4854,50,0,4
4943,50,0,4
5130,50,0,4
5144,50,0,4
5344,50,0,4
5446,50,0,4
5498,50,0,4
5584,50,0,4
5609,50,0,4
5758,50,0,4
5806,50,0,4
5861,50,0,4
5864,50,0,4
5917,50,0,4
148,50,1,0
240,50,1,0
296,50,1,0
433,50,1,0
452,50,1,0
571,50,1,0
599,50,1,0
615,50,1,0
700,50,1,0
796,50,1,0
838,50,1,0
868,50,1,0
917,50,1,0
924,50,1,0
949,50,1,0
1145,50,1,0
1275,50,1,0
1437,50,1,0
1497,50,1,0
1619,50,1,0
1750,50,1,0
1885,50,1,0
1890,50,1,0
1989,50,1,0
2048,50,1,0
2278,50,1,0
2303,50,1,0
2333,50,1,0
2335,50,1,0
2360,50,1,0
2405,50,1,0
2440,50,1,0
2465,50,1,0
2574,50,1,0
2869,50,1,0
2930,50,1,0
2961,50,1,0
3108,50,1,0
3307,50,1,0
3365,50,1,0
3392,50,1,0
3482,50,1,0
3578,50,1,0
3718,50,1,0
3762,50,1,0
3906,50,1,0
4038,50,1,0
4061,50,1,0
4072,50,1,0
4127,50,1,0
4153,50,1,0
4155,50,1,0
4218,50,1,0
4328,50,1,0
4395,50,1,0
4677,50,1,0
4906,50,1,0
4930,50,1,0
4931,50,1,0
4944,50,1,0
5021,50,1,0
5075,50,1,0
5100,50,1,0
5166,50,1,0
5250,50,1,0
5518,50,1,0
5531,50,1,0
5567,50,1,0
5819,50,1,0
326,50,1,1
366,50,1,1
367,50,1,1
959,50,1,1
968,50,1,1
988,50,1,1
1002,50,1,1
1007,50,1,1
1505,50,1,1
1534,50,1,1
1623,50,1,1
1796,50,1,1
1868,50,1,1
2055,50,1,1
2110,50,1,1
2174,50,1,1
2231,50,1,1
2292,50,1,1
2302,50,1,1
2348,50,1,1
2476,50,1,1
2754,50,1,1
2841,50,1,1
3019,50,1,1
3263,50,1,1
3632,50,1,1
3924,50,1,1
3989,50,1,1
4245,50,1,1
4255,50,1,1
4373,50,1,1
4442,50,1,1
4730,50,1,1
4744,50,1,1
4751,50,1,1
4820,50,1,1
4878,50,1,1
4904,50,1,1
5012,50,1,1
5123,50,1,1
5940,50,1,1
154,50,1,2
307,50,1,2
458,50,1,2
478,50,1,2
627,50,1,2
677,50,1,2
794,50,1,2
953,50,1,2
984,50,1,2
1032,50,1,2
1071,50,1,2
1192,50,1,2
1268,50,1,2
1316,50,1,2
1404,50,1,2
1463,50,1,2
1465,50,1,2
1667,50,1,2
1861,50,1,2
1872,50,1,2
2007,50,1,2
2026,50,1,2
2039,50,1,2
2067,50,1,2
2282,50,1,2
2305,50,1,2
2762,50,1,2
2784,50,1,2
3211,50,1,2
3233,50,1,2
3367,50,1,2
3619,50,1,2
3827,50,1,2
3852,50,1,2
3864,50,1,2
3883,50,1,2
3963,50,1,2
4021,50,1,2
4037,50,1,2
4136,50,1,2
4235,50,1,2
4257,50,1,2
4333,50,1,2
4506,50,1,2
4573,50,1,2
4634,50,1,2
4729,50,1,2
4995,50,1,2
5062,50,1,2
5139,50,1,2
5593,50,1,2
5680,50,1,2
5810,50,1,2
5848,50,1,2
5889,50,1,2
5902,50,1,2
5916,50,1,2
5967,50,1,2
6020,50,1,2
244,50,1,3
270,50,1,3
280,50,1,3
339,50,1,3
348,50,1,3
461,50,1,3
493,50,1,3
523,50,1,3
552,50,1,3
581,50,1,3
612,50,1,3
654,50,1,3
1009,50,1,3
1093,50,1,3
1143,50,1,3
1334,50,1,3
1349,50,1,3
1363,50,1,3
1410,50,1,3
1490,50,1,3
1591,50,1,3
1648,50,1,3
1814,50,1,3
1862,50,1,3
1867,50,1,3
1901,50,1,3
1925,50,1,3
1967,50,1,3
2032,50,1,3
2088,50,1,3
2227,50,1,3
2271,50,1,3
2279,50,1,3
2363,50,1,3
2365,50,1,3
2391,50,1,3
2420,50,1,3
2459,50,1,3
2550,50,1,3
2578,50,1,3
2592,50,1,3
2596,50,1,3
2606,50,1,3
2729,50,1,3
2746,50,1,3
2765,50,1,3
2822,50,1,3
2870,50,1,3
3183,50,1,3
3329,50,1,3
3444,50,1,3
3576,50,1,3
3791,50,1,3
3810,50,1,3
3839,50,1,3
3994,50,1,3
4105,50,1,3
4157,50,1,3
4184,50,1,3
4188,50,1,3
4228,50,1,3
4239,50,1,3
4242,50,1,3
4284,50,1,3
4355,50,1,3
4369,50,1,3
4463,50,1,3
4498,50,1,3
4500,50,1,3
4505,50,1,3
4519,50,1,3
4966,50,1,3
5057,50,1,3
5093,50,1,3
5098,50,1,3
5105,50,1,3
5120,50,1,3
5128,50,1,3
5201,50,1,3
5422,50,1,3
5441,50,1,3
5552,50,1,3
5603,50,1,3
5657,50,1,3
5855,50,1,3
5876,50,1,3
17,50,1,4
54,50,1,4
60,50,1,4
177,50,1,4
287,50,1,4
332,50,1,4
724,50,1,4
811,50,1,4
872,50,1,4
895,50,1,4
911,50,1,4
989,50,1,4
1062,50,1,4
1118,50,1,4
1123,50,1,4
1135,50,1,4
1179,50,1,4
1199,50,1,4
1207,50,1,4
1213,50,1,4
1224,50,1,4
1227,50,1,4
1250,50,1,4
1282,50,1,4
1374,50,1,4
1564,50,1,4
1618,50,1,4
1642,50,1,4
1707,50,1,4
1748,50,1,4
1810,50,1,4
1853,50,1,4
1915,50,1,4
1970,50,1,4
1986,50,1,4
2001,50,1,4
2019,50,1,4
2135,50,1,4
2173,50,1,4
2352,50,1,4
2370,50,1,4
2382,50,1,4
2468,50,1,4
2471,50,1,4
2478,50,1,4
2496,50,1,4
2499,50,1,4
2795,50,1,4
2921,50,1,4
2991,50,1,4
3072,50,1,4
3169,50,1,4
3186,50,1,4
3242,50,1,4
3252,50,1,4
3380,50,1,4
3476,50,1,4
3511,50,1,4
3634,50,1,4
3635,50,1,4
3760,50,1,4
4004,50,1,4
4016,50,1,4
4055,50,1,4
4119,50,1,4
4169,50,1,4
4302,50,1,4
4311,50,1,4
4438,50,1,4
4479,50,1,4
4497,50,1,4
4502,50,1,4
4583,50,1,4
4644,50,1,4
4714,50,1,4
4734,50,1,4
4746,50,1,4
4945,50,1,4
4981,50,1,4
5178,50,1,4
5204,50,1,4
5209,50,1,4
5311,50,1,4
5392,50,1,4
5395,50,1,4
5461,50,1,4
5528,50,1,4
5559,50,1,4
5577,50,1,4
5633,50,1,4
5653,50,1,4
5741,50,1,4
5853,50,1,4
6002,50,1,4
6033,50,1,4
89,56,0,0
314,56,0,0
602,56,0,0
759,56,0,0
1095,56,0,0
1110,56,0,0
1924,56,0,0
2293,56,0,0
2339,56,0,0
2358,56,0,0
2364,56,0,0
2392,56,0,0
2524,56,0,0
3699,56,0,0
4025,56,0,0
4029,56,0,0
4628,56,0,0
4724,56,0,0
4987,56,0,0
5197,56,0,0
5215,56,0,0
5303,56,0,0
1038,56,0,1
2329,56,0,1
2406,56,0,1
3781,56,0,1
5018,56,0,1
334,56,0,2
887,56,0,2
928,56,0,2
1398,56,0,2
2016,56,0,2
2259,56,0,2
2520,56,0,2
2535,56,0,2
3592,56,0,2
3891,56,0,2
4187,56,0,2
4973,56,0,2
516,56,0,3
2334,56,0,3
2413,56,0,3
2570,56,0,3
3214,56,0,3
4755,56,0,3
4991,56,0,3
164,56,0,4
315,56,0,4
318,56,0,4
341,56,0,4
347,56,0,4
358,56,0,4
594,56,0,4
703,56,0,4
886,56,0,4
900,56,0,4
901,56,0,4
931,56,0,4
986,56,0,4
1205,56,0,4
1269,56,0,4
1379,56,0,4
1452,56,0,4
1569,56,0,4
1634,56,0,4
1670,56,0,4
2002,56,0,4
2058,56,0,4
2183,56,0,4
2267,56,0,4
2322,56,0,4
2368,56,0,4
2532,56,0,4
2546,56,0,4
2584,56,0,4
2588,56,0,4
2607,56,0,4
2699,56,0,4
3229,56,0,4
3319,56,0,4
3551,56,0,4
3577,56,0,4
3962,56,0,4
4195,56,0,4
4580,56,0,4
4727,56,0,4
4758,56,0,4
4888,56,0,4
4999,56,0,4
5004,56,0,4
5020,56,0,4
5033,56,0,4
5069,56,0,4
5221,56,0,4
5253,56,0,4
5310,56,0,4
5334,56,0,4
5537,56,0,4
5752,56,0,4
5946,56,0,4
5986,56,0,4
6038,56,0,4
128,56,1,0
178,56,1,0
251,56,1,0
322,56,1,0
422,56,1,0
635,56,1,0
873,56,1,0
1166,56,1,0
1170,56,1,0
1337,56,1,0
1431,56,1,0
1526,56,1,0
1541,56,1,0
1736,56,1,0
1965,56,1,0
1977,56,1,0
1979,56,1,0
2204,56,1,0
2221,56,1,0
2280,56,1,0
2388,56,1,0
2558,56,1,0
2660,56,1,0
2758,56,1,0
3015,56,1,0
3218,56,1,0
3303,56,1,0
3440,56,1,0
3618,56,1,0
3897,56,1,0
3930,56,1,0
4068,56,1,0
4090,56,1,0
4100,56,1,0
4296,56,1,0
4772,56,1,0
5058,56,1,0
5085,56,1,0
5171,56,1,0
5398,56,1,0
5922,56,1,0
725,56,1,1
760,56,1,1
948,56,1,1
1218,56,1,1
1887,56,1,1
1900,56,1,1
1921,56,1,1
2069,56,1,1
3739,56,1,1
4129,56,1,1
4763,56,1,1
4866,56,1,1
4873,56,1,1
5115,56,1,1
5223,56,1,1
5583,56,1,1
2,56,1,2
188,56,1,2
356,56,1,2
538,56,1,2
922,56,1,2
952,56,1,2
966,56,1,2
1016,56,1,2
1126,56,1,2
1388,56,1,2
1469,56,1,2
1585,56,1,2
1739,56,1,2
1772,56,1,2
1811,56,1,2
1860,56,1,2
2201,56,1,2
2593,56,1,2
2676,56,1,2
2808,56,1,2
3305,56,1,2
3383,56,1,2
3937,56,1,2
3964,56,1,2
4156,56,1,2
4171,56,1,2
4443,56,1,2
4756,56,1,2
4941,56,1,2
5073,56,1,2
5097,56,1,2
5273,56,1,2
5626,56,1,2
5686,56,1,2
5834,56,1,2
31,56,1,3
124,56,1,3
158,56,1,3
330,56,1,3
485,56,1,3
521,56,1,3
837,56,1,3
965,56,1,3
1046,56,1,3
1080,56,1,3
1121,56,1,3
1122,56,1,3
1856,56,1,3
2037,56,1,3
2126,56,1,3
2132,56,1,3
2275,56,1,3
2315,56,1,3
2318,56,1,3
2328,56,1,3
2332,56,1,3
2361,56,1,3
2410,56,1,3
2498,56,1,3
2514,56,1,3
2555,56,1,3
2651,56,1,3
2791,56,1,3
3555,56,1,3
3708,56,1,3
3754,56,1,3
3823,56,1,3
3882,56,1,3
3969,56,1,3
4083,56,1,3
4139,56,1,3
4142,56,1,3
4163,56,1,3
4212,56,1,3
4243,56,1,3
4694,56,1,3
5092,56,1,3
5196,56,1,3
5308,56,1,3
5336,56,1,3
5470,56,1,3
5541,56,1,3
5719,56,1,3
5766,56,1,3
5968,56,1,3
80,56,1,4
90,56,1,4
293,56,1,4
316,56,1,4
405,56,1,4
440,56,1,4
444,56,1,4
451,56,1,4
486,56,1,4
557,56,1,4
653,56,1,4
688,56,1,4
782,56,1,4
825,56,1,4
835,56,1,4
902,56,1,4
903,56,1,4
1013,56,1,4
1023,56,1,4
1083,56,1,4
1108,56,1,4
1131,56,1,4
1176,56,1,4
1178,56,1,4
1214,56,1,4
1252,56,1,4
1307,56,1,4
1322,56,1,4
1330,56,1,4
1405,56,1,4
1547,56,1,4
1577,56,1,4
1637,56,1,4
1740,56,1,4
1870,56,1,4
1896,56,1,4
1908,56,1,4
1981,56,1,4
2025,56,1,4
2061,56,1,4
2092,56,1,4
2095,56,1,4
2111,56,1,4
2117,56,1,4
2121,56,1,4
2151,56,1,4
2234,56,1,4
2265,56,1,4
2276,56,1,4
2287,56,1,4
2294,56,1,4
2297,56,1,4
2300,56,1,4
2331,56,1,4
2341,56,1,4
2359,56,1,4
2393,56,1,4
2412,56,1,4
2426,56,1,4
2449,56,1,4
2483,56,1,4
2500,56,1,4
2502,56,1,4
2513,56,1,4
2526,56,1,4
2528,56,1,4
2536,56,1,4
2538,56,1,4
2545,56,1,4
2549,56,1,4
2623,56,1,4
2626,56,1,4
2632,56,1,4
2634,56,1,4
2656,56,1,4
2661,56,1,4
2693,56,1,4
2704,56,1,4
2707,56,1,4
2760,56,1,4
2778,56,1,4
2785,56,1,4
2788,56,1,4
2805,56,1,4
3036,56,1,4
3042,56,1,4
3139,56,1,4
3188,56,1,4
3287,56,1,4
3318,56,1,4
3328,56,1,4
3364,56,1,4
3372,56,1,4
3598,56,1,4
3982,56,1,4
4003,56,1,4
4045,56,1,4
4084,56,1,4
4180,56,1,4
4193,56,1,4
4209,56,1,4
4230,56,1,4
4266,56,1,4
4281,56,1,4
4492,56,1,4
4503,56,1,4
4513,56,1,4
4515,56,1,4
4544,56,1,4
4627,56,1,4
4649,56,1,4
4672,56,1,4
4679,56,1,4
4738,56,1,4
4743,56,1,4
4753,56,1,4
4802,56,1,4
4843,56,1,4
4885,56,1,4
4955,56,1,4
4960,56,1,4
5067,56,1,4
5146,56,1,4
5288,56,1,4
5313,56,1,4
5355,56,1,4
5363,56,1,4
5431,56,1,4
5432,56,1,4
5439,56,1,4
5517,56,1,4
5658,56,1,4
5669,56,1,4
5703,56,1,4
5948,56,1,4
5980,56,1,4
