movie2director_id,movie_id,director_id,genre
1,1672111,54934,0
2,1672946,188940,0
3,1679461,179783,0
4,1691387,291700,0
5,1693305,14663,0
6,1698667,98630,0
7,1704645,98630,0
8,1705417,19141,0
9,1706887,221541,0
10,1707277,52953,0
11,1709238,108073,0
12,1711133,260603,0
13,1711175,213822,0
14,1711393,128558,0
15,1711398,256455,0
16,1715380,130253,0
17,1715404,39629,0
18,1715607,172775,0
19,1717455,196811,0
20,1719502,69968,0
21,1722327,56159,0
22,1731582,13745,0
23,1736268,19189,0
24,1736362,158089,0
25,1736794,54543,0
26,1740732,123402,0
27,1740752,70986,0
28,1740811,41939,0
29,1744811,230882,0
30,1745530,4997,0
31,1749891,121794,0
32,1750364,19189,0
33,1750510,135809,0
34,1751872,91117,0
35,1753695,98451,0
36,1754799,119455,0
37,1754884,281227,0
38,1757342,246268,0
39,1757347,37121,0
40,1757367,246268,0
41,1757378,37121,0
42,1757423,5763,0
43,1757423,142542,0
44,1757423,210916,0
45,1757423,222944,0
46,1757423,228607,0
47,1757423,274556,0
48,1757698,155392,0
49,1757893,49086,0
50,1759189,123878,0
51,1763465,300073,0
52,1763653,218785,0
53,1765108,62483,0
54,1765347,228463,0
55,1765652,55590,0
56,1766407,151963,0
57,1766427,73359,0
58,1766849,28945,0
59,1767151,5049,0
60,1769766,101620,0
61,1770285,41939,0
62,1774349,120629,0
63,1776052,200149,0
64,1778536,41759,0
65,1778697,10484,0
66,1778699,180716,0
67,1779176,120788,0
68,1779757,176568,0
69,1780022,151963,0
70,1784206,111350,0
71,1785251,108073,0
72,1786413,200150,0
73,1787090,96982,0
74,1788165,177106,0
75,1790007,298771,0
76,1790523,75298,0
77,1792713,149557,0
78,1793433,68638,0
79,1803115,289841,0
80,1804924,190139,0
81,1804925,297381,0
82,1809984,62087,0
83,1811382,275755,0
84,1816379,131292,0
85,1819870,125482,0
86,1823223,200697,0
87,1823486,111350,0
88,1826286,298471,0
89,1829882,293703,0
90,1830096,184198,0
91,1830497,137425,0
92,1830531,129163,0
93,1831084,172775,0
94,1831363,155392,0
95,1831593,70986,0
96,1832668,253187,0
97,1838160,247289,0
98,1838773,211555,0
99,1842584,111350,0
100,1843756,292753,0
101,1843757,159773,0
102,1848628,70782,0
103,1849156,289841,0
104,1850182,213822,0
105,1854045,51903,0
106,1854166,247289,0
107,1858361,297504,0
108,1858362,155392,0
109,1858363,297504,0
110,1858364,99806,0
111,1859542,111350,0
112,1859617,155280,0
113,1859753,258859,0
114,1861514,31460,0
115,1868890,232620,0
116,1869010,245889,0
117,1870132,172161,0
118,1872662,19608,0
119,1874279,180080,0
120,1874284,111350,0
121,1874295,180080,0
122,1878669,121340,0
123,1878669,300947,0
124,1879793,298771,0
125,1889009,278493,0
126,1890357,302682,0
127,1890829,51903,0
128,1893245,13745,0
129,1895286,165692,0
130,1895298,298646,0
131,1898372,231880,0
132,1906242,124932,0
133,1907821,232620,0
134,1915498,124171,0
135,1915987,247289,0
136,1917129,6523,0
137,1918307,237473,0
138,1919846,41939,0
139,1919853,41939,0
140,1919898,271025,0
141,1924755,31460,0
142,1924959,14380,0
143,1927338,170040,0
144,1927339,88848,0
145,1927950,298771,0
146,1928609,255144,0
147,1932235,182942,0
148,1932393,119790,0
149,1934260,45642,0
150,1939369,78540,0
151,1939762,248492,0
152,1939775,155392,0
153,1939900,146286,0
154,1942083,120629,0
155,1943961,184413,0
156,1945855,98630,0
157,1946327,295352,0
158,1946379,109735,0
159,1950946,192819,0
160,1952847,232620,0
161,1953106,302682,0
163,1957184,247236,0
164,1963417,292753,0
165,1964074,137722,0
166,1965261,129113,0
167,1965516,227338,0
168,1966580,275755,0
169,1966583,275755,0
170,1968813,247236,0
171,1971149,78050,0
172,1971707,112712,0
173,1971707,142980,0
174,1971712,203354,0
175,1972287,39944,0
176,1972324,109735,0
177,1972854,108911,0
178,1978309,10177,0
179,1980149,51115,0
180,1982903,258197,0
181,1983617,155535,0
182,1987547,240297,0
183,1987607,298771,0
184,1991646,209654,0
185,1991951,75298,0
186,1992217,170452,0
187,1992335,264169,0
188,1992459,150884,0
189,1994418,117295,0
190,1995121,31499,0
191,1996223,178314,0
194,1999241,75298,0
195,1999623,191991,0
196,1999628,189093,0
197,1999634,92,0
198,2004435,285051,0
199,2005469,101620,0
200,2009281,37587,0
201,2009507,746,0
202,2012468,124080,0
203,2013009,302973,0
204,2014240,275755,0
205,2018026,252882,0
206,2019104,32111,0
207,2030427,142160,0
208,2030843,178409,0
209,2032743,213822,0
210,2034166,78050,0
211,2034464,260322,0
212,2034473,260322,0
213,2037451,138597,0
214,2040763,91135,0
215,2040764,91135,0
216,2040765,91135,0
217,2046161,89882,0
218,2048624,6057,0
219,2054459,162891,0
220,2054549,102268,0
221,2056752,40434,0
222,2056849,120788,0
223,2057285,302989,0
224,2068316,124034,0
225,2070468,263287,0
226,2072519,106208,0
227,2073156,120386,0
228,2074015,245889,0
229,2075324,233838,0
230,2075452,278493,0
231,2079616,197327,0
232,2080444,198401,0
233,2082758,205585,0
234,2104410,185309,0
235,2106940,180080,0
236,2107343,117915,0
237,2107847,298771,0
238,2109077,170415,0
239,2124042,234788,0
240,2124042,257600,0
241,2124355,70986,0
242,2124357,70986,0
243,2124358,70986,0
244,2124359,70986,0
245,2125784,98630,0
246,2131729,109735,0
247,2133276,222400,0
248,2133798,7335,0
249,2134027,279661,0
250,2134924,45642,0
251,2134924,278226,0
252,2138727,120788,0
253,2140999,269513,0
254,2148037,184466,0
255,2148039,184466,0
256,2148040,184466,0
257,2148040,202897,0
258,2150224,218785,0
259,2159085,161376,0
260,2162869,70986,0
261,2163340,142138,0
262,2163370,151314,0
263,2164174,260285,0
265,2169199,19935,0
266,2170415,196351,0
267,2170555,42738,0
268,2172947,32490,0
269,2173344,280494,0
270,2173361,260285,0
271,2176174,296303,0
272,2177836,305385,0
273,2177839,120635,0
274,2177983,64003,0
275,2177992,298771,0
276,2181898,225247,0
277,2181907,236460,0
278,2183016,156982,0
279,2183675,97356,0
280,2184999,7366,0
281,2185015,157643,0
282,2190354,115803,0
283,2190603,161376,0
284,2195009,24036,0
285,2196039,280968,0
286,2199969,247850,0
287,2210356,169615,0
288,2210356,196811,0
289,2210872,23861,0
290,2212660,39944,0
291,2213122,211360,0
292,2213866,70782,0
293,2216295,94760,0
294,2216316,118604,0
295,2217717,193246,0
296,2222143,17382,0
297,2229656,123402,0
298,2232299,120635,0
299,2232980,17382,0
300,2234951,52776,0
301,2235378,297265,0
302,2236888,51827,0
303,2236888,296516,0
304,2240178,258118,0
305,2240566,213822,0
306,2244271,75298,0
307,2251547,200697,0
308,2252485,224478,0
309,2255035,157634,0
310,2255064,157634,0
311,2257033,151499,0
312,2257904,55402,0
313,2257905,55402,0
315,2262464,279609,0
316,2263670,264169,0
317,2265452,247127,0
318,2266691,108594,0
319,2266691,303156,0
320,2269366,184135,0
321,2271870,115048,0
322,2273044,180080,0
323,2273048,120788,0
324,2288828,260322,0
325,2289279,128558,0
326,2290129,166840,0
327,2290136,55449,0
328,2290316,149249,0
329,2294518,184198,0
330,2295106,85889,0
331,2296667,88781,0
332,2304264,137348,0
333,2305587,44035,0
334,2305976,228322,0
335,2306194,285051,0
336,2306197,139740,0
337,2306201,65302,0
338,2308476,304410,0
339,2308730,17871,0
340,2309076,88781,0
341,2310236,255028,0
342,2312345,89882,0
343,2312692,297774,0
344,2312819,57090,0
345,2312897,145362,0
346,2313093,124171,0
347,2313464,225247,0
348,2316029,118604,0
349,2324123,260322,0
350,2327816,73412,0
351,2335038,103083,0
352,2338199,55449,0
353,2338707,209484,0
354,2338708,255028,0
355,2338711,106208,0
356,2338714,209484,0
357,2339477,67866,0
358,2344573,7366,0
359,2345742,151314,0
360,2345742,278493,0
361,2349163,77032,0
362,2349784,290097,0
363,2351693,227338,0
364,2351904,192338,0
365,2355625,60979,0
366,2356134,12251,0
367,2360108,16157,0
368,2360973,247236,0
369,2365078,75298,0
370,2365920,69549,0
371,2366246,70782,0
372,2366248,180294,0
373,2366403,28822,0
374,2366408,28822,0
375,2369317,89864,0
376,2370423,295459,0
377,2371602,199043,0
378,2371610,250665,0
379,2371611,182921,0
380,2371648,88284,0
381,2371651,42495,0
382,2371654,88284,0
383,2371705,182921,0
384,2371726,164445,0
385,2371778,164445,0
386,2371786,139740,0
387,2371787,172392,0
388,2372068,78050,0
389,2372328,201570,0
390,2372407,285051,0
391,2373434,131391,0
392,2375846,260603,0
393,2377877,64303,0
394,2378594,116640,0
395,2380932,124171,0
396,2384418,268114,0
397,2384520,70986,0
398,2384532,70986,0
399,2384532,158093,0
400,2384535,158093,0
401,2384536,91135,0
402,2385207,95767,0
403,2385772,68638,0
404,2390996,161227,0
405,2392001,180603,0
406,2395255,269416,0
407,2396366,244351,0
408,2396390,117873,0
409,2398900,17579,0
410,2398907,219877,0
411,2398908,97562,0
412,2401441,276654,0
413,2401724,242208,0
414,2401750,39629,0
415,2402234,159007,0
416,2404464,57090,0
417,2404464,180080,0
418,2405559,133692,0
419,2406475,58826,0
420,2406475,138254,0
421,2408096,198738,0
422,2408482,279609,0
423,2408762,73412,0
424,2409051,73412,0
425,2409402,46944,0
426,2412638,298652,0
427,2412945,82548,0
428,2413536,196811,0
429,2414225,151963,0
430,2414767,73318,0
431,2415946,106208,0
432,2421254,228909,0
433,2421914,86654,0
434,2422396,45542,0
435,2422818,255127,0
436,2422996,220729,0
437,2423002,218240,0
438,2423004,195164,0
439,2426553,4164,0
440,2427282,9273,0
441,2428934,28945,0
442,2432049,23861,0
443,2434561,89882,0
444,2434795,62087,0
445,2435881,70782,0
446,2437062,103109,0
447,2437320,281106,0
448,2437452,230426,0
449,2437630,116937,0
450,2438716,165862,0
451,2438827,75895,0
452,2439860,155392,0
453,2439860,167193,0
454,2441476,252439,0
455,2443509,180080,0
456,2443522,154406,0
457,2445287,25401,0
458,2445390,88781,0
459,2445390,261563,0
460,2445527,44035,0
461,2445832,271407,0
462,2445853,117774,0
463,2446494,12677,0
464,2446501,12677,0
465,2449747,170452,0
466,2452617,111350,0
467,2452768,8343,0
468,2452768,173879,0
469,2452768,205819,0
470,2452768,294974,0
471,2452768,303824,0
472,2453333,260322,0
473,2454636,265382,0
474,2456019,6523,0
475,2456181,123878,0
476,2456292,170389,0
477,2456586,109735,0
478,2456944,169847,0
479,2457188,39944,0
480,2457464,288437,0
481,2457464,288438,0
482,2458457,115990,0
483,2459369,253795,0
484,2460384,258859,0
485,2460410,302514,0
486,2461085,305750,0
487,2461086,305750,0
488,2461385,290612,0
489,2461485,103083,0
490,2461598,297459,0
491,2462106,160908,0
492,2462153,38785,0
493,2463620,171117,0
494,2463622,239051,0
495,2464699,75298,0
496,2465773,78050,0
497,2465893,155280,0
498,2466403,213822,0
499,2466643,297265,0
500,2468093,234788,0
501,2468209,5049,0
502,2468209,196351,0
503,2468266,55703,0
504,2468663,124171,0
505,2469602,290492,0
506,2470444,282151,0
507,2470520,223394,0
508,2472391,91117,0
509,2473638,110667,0
510,2474020,19189,0
511,2474065,131735,0
512,2474888,98451,0
513,2475166,200697,0
514,2476119,179335,0
515,2476233,87113,0
516,2477403,191991,0
517,2477986,146286,0
518,2478286,305962,0
519,2480572,161871,0
520,2480579,176771,0
521,2481073,97356,0
522,2482887,170040,0
523,2484656,39629,0
524,2485393,115990,0
525,2486246,106208,0
526,2486283,116803,0
527,2486283,137338,0
528,2486285,116803,0
529,2486285,137338,0
530,2486286,116803,0
531,2486286,137338,0
532,2486655,252075,0
533,2486817,123878,0
534,2488375,129452,0
535,2491068,112768,0
536,2491565,179970,0
537,2492725,211555,0
538,2494140,9131,0
540,2499488,237483,0
541,2500886,302682,0
542,2503584,124171,0
543,2504449,27271,0
544,2504449,99697,0
545,2504449,286906,0
546,2507383,278538,0
547,2508020,55449,0
548,2508020,129138,0
549,2508265,260603,0
550,2509455,247289,0
551,2509841,85889,0
552,2509841,90796,0
553,2509841,175013,0
554,2510683,285051,0
555,2518451,39629,0
556,2518905,266780,0
557,2519338,149249,0
558,2520706,158773,0
559,2520706,297510,0
560,2520712,37587,0
561,2520896,1756,0
562,2522318,28822,0
563,2524549,191112,0
564,2524640,14380,0
565,2531457,62087,0
566,2531460,192819,0
567,2533451,75298,0
568,2533992,78050,0
569,2533997,232274,0
570,2540794,41939,0
571,2548449,157523,0
572,2548478,35022,0
573,2550559,127519,0
574,2556055,42098,0
575,2556792,302870,0
576,2558138,55703,0
577,2558138,228322,0
578,2561802,57090,0
579,2565487,124034,0
580,2569556,64664,0
581,2569583,117915,0
582,2570013,259027,0
583,2570785,121794,0
584,2571296,231151,0
585,2571358,59455,0
586,2571358,293085,0
587,2576718,220520,0
588,2577075,136660,0
589,2577314,254763,0
590,2578330,118759,0
591,2583695,38785,0
592,2583966,158572,0
593,2585507,149249,0
594,1674388,115990,1
595,1677631,148294,1
596,1684486,153377,1
597,1684486,261605,1
598,1687730,240297,1
599,1689183,160252,1
600,1689210,209133,1
601,1690318,101761,1
602,1705196,163979,1
603,1713183,50946,1
604,1713183,193333,1
605,1713499,116956,1
606,1715025,96107,1
607,1715025,127600,1
608,1715025,165371,1
609,1716020,157027,1
610,1716020,238574,1
611,1718342,106006,1
612,1724180,198038,1
613,1724180,293168,1
614,1725774,161871,1
615,1726934,27271,1
616,1726934,99697,1
617,1727885,184465,1
618,1732496,61210,1
619,1732496,131633,1
620,1748196,199896,1
621,1748219,184466,1
622,1748996,200260,1
623,1749731,304410,1
624,1749735,304410,1
625,1749737,304410,1
626,1753266,293168,1
627,1756051,100012,1
628,1756391,148294,1
629,1759983,64247,1
630,1759983,133347,1
631,1759983,135849,1
632,1759983,192209,1
633,1760386,263287,1
634,1763877,39750,1
635,1763883,39750,1
636,1773944,273467,1
637,1788314,184710,1
638,1792102,217454,1
639,1792102,242345,1
640,1792349,273467,1
641,1795157,20255,1
642,1795698,117761,1
643,1797365,157634,1
644,1801936,275252,1
645,1802287,157470,1
646,1812202,117224,1
647,1813663,27289,1
648,1821807,292450,1
649,1823865,260322,1
650,1825348,214082,1
651,1832852,279430,1
652,1837340,10450,1
653,1838481,80882,1
654,1847080,55703,1
655,1848859,263287,1
656,1853531,87752,1
657,1861004,28945,1
658,1867752,13312,1
659,1869304,215255,1
660,1876090,152211,1
661,1879599,156841,1
662,1879599,305551,1
663,1883527,85889,1
664,1884286,257078,1
666,1892010,236460,1
667,1895425,149633,1
668,1897778,260322,1
669,1919947,121483,1
670,1922571,114305,1
671,1924700,28945,1
672,1930942,85889,1
673,1931213,121794,1
674,1931235,29481,1
675,1933552,97642,1
676,1940121,305753,1
677,1941011,116837,1
678,1942625,143399,1
679,1942758,250260,1
680,1943718,15282,1
681,1945816,298935,1
682,1946023,39750,1
683,1950688,297265,1
684,1950689,161376,1
685,1950690,215854,1
686,1958267,208963,1
688,1971929,70110,1
689,1972108,156904,1
690,1980073,85881,1
691,1992600,218940,1
692,1994580,158093,1
693,1996222,178314,1
694,1996275,50946,1
695,1996275,193333,1
696,2005467,52953,1
697,2006320,77536,1
698,2006322,73753,1
699,2006660,143399,1
700,2006702,131735,1
701,2007305,260322,1
702,2017211,122575,1
703,2024833,157634,1
704,2031233,263287,1
705,2046051,34185,1
706,2047096,118604,1
707,2047331,248272,1
708,2048619,260322,1
709,2050380,217675,1
710,2053107,23861,1
711,2057859,131735,1
712,2058680,260322,1
713,2070627,274699,1
714,2071915,243331,1
715,2072508,54305,1
716,2072508,245549,1
717,2072510,106208,1
718,2077306,112944,1
719,2091255,41852,1
720,2091255,130253,1
721,2094683,8349,1
722,2096794,37760,1
723,2103144,115808,1
724,2103866,96107,1
725,2103866,127600,1
726,2103866,165371,1
727,2103975,70986,1
728,2106899,214082,1
729,2109093,154945,1
730,2112515,224927,1
731,2117637,247236,1
732,2128890,243574,1
733,2131017,112943,1
734,2131017,123726,1
735,2136125,33534,1
736,2138299,40901,1
737,2147404,225613,1
738,2147404,287748,1
739,2153110,66373,1
740,2165318,180080,1
741,2173343,245549,1
742,2177959,64003,1
743,2182361,186516,1
744,2183254,97642,1
745,2183254,132520,1
746,2188028,275755,1
747,2189721,15635,1
748,2189721,53910,1
749,2190371,117905,1
750,2191997,161897,1
751,2193422,247850,1
752,2201125,178312,1
753,2206541,15282,1
754,2216145,227131,1
755,2217530,12931,1
756,2228369,263287,1
757,2228704,247344,1
758,2250593,58711,1
759,2252075,231217,1
760,2253332,37121,1
761,2257129,45158,1
762,2257265,96107,1
763,2257265,127600,1
764,2257265,142263,1
765,2257265,165371,1
766,2261598,83109,1
767,2261598,114412,1
768,2261598,127600,1
769,2261598,142263,1
770,2261598,165371,1
771,2261598,231132,1
772,2261598,250638,1
773,2263331,244016,1
774,2265771,91540,1
775,2265771,99484,1
776,2266891,108594,1
777,2266891,303156,1
778,2268776,5798,1
779,2275543,117295,1
780,2285997,72782,1
781,2287637,135547,1
782,2296892,112593,1
783,2299999,190139,1
784,2300104,121483,1
785,2300351,192621,1
786,2305197,215030,1
787,2305466,299207,1
788,2305931,227332,1
789,2305974,33684,1
790,2321373,268114,1
791,2321444,58826,1
792,2323351,17680,1
793,2323351,70851,1
794,2333344,169006,1
795,2334876,149633,1
796,2335622,8349,1
797,2339491,99032,1
798,2354464,37121,1
799,2357424,144427,1
800,2365142,221538,1
801,2365297,33684,1
802,2365844,148294,1
803,2369519,145141,1
804,2371052,227131,1
805,2371502,55750,1
806,2371603,199043,1
807,2371692,297774,1
808,2372234,41939,1
809,2379184,185384,1
810,2381959,265383,1
811,2383956,128805,1
812,2383956,190755,1
813,2388702,8343,1
814,2394293,46944,1
815,2396330,35541,1
816,2396330,160252,1
817,2405780,106015,1
818,2405835,39629,1
819,2406259,229392,1
820,2406308,109500,1
821,2406458,17579,1
822,2406479,177028,1
823,2406749,123878,1
824,2407308,38785,1
825,2408389,227332,1
826,2413457,23000,1
827,2413457,228922,1
828,2414153,143399,1
829,2415964,154945,1
830,2419964,46229,1
831,2424023,115808,1
832,2424023,206452,1
833,2428475,269613,1
834,2429382,34004,1
835,2434412,23000,1
836,2434412,228922,1
837,2434412,263128,1
838,2435394,6301,1
839,2435974,120788,1
840,2437170,263287,1
841,2437383,46148,1
842,2437988,70986,1
843,2438568,265382,1
844,2438760,50946,1
845,2438760,175884,1
846,2438760,183443,1
847,2438760,193333,1
848,2444223,172086,1
849,2444351,206452,1
850,2446151,134302,1
851,2446368,227332,1
852,2446369,258859,1
853,2451456,5201,1
854,2451456,185384,1
855,2452910,14791,1
856,2453421,200094,1
857,2459227,130820,1
858,2459965,292674,1
859,2460383,85387,1
860,2460406,38319,1
861,2460422,89098,1
862,2461620,184465,1
863,2461621,166840,1
864,2463129,67488,1
865,2463462,141967,1
866,2463462,265382,1
867,2463462,305307,1
868,2464994,123404,1
869,2464994,131735,1
870,2465321,183021,1
871,2469053,46170,1
872,2469053,117293,1
873,2469053,293168,1
874,2469104,227131,1
875,2472465,163749,1
876,2472465,227332,1
877,2472465,263128,1
878,2472467,37612,1
879,2472467,91540,1
880,2473215,137348,1
881,2473798,22622,1
882,2473798,84899,1
883,2473798,137226,1
884,2473798,210747,1
885,2473798,253828,1
886,2474705,146598,1
887,2474705,286731,1
888,2476335,179325,1
889,2476415,29496,1
890,2477732,23669,1
891,2479393,87006,1
892,2479771,14663,1
893,2479771,141967,1
894,2479989,85572,1
895,2482834,151963,1
896,2482984,260322,1
897,2483674,227332,1
898,2487726,33684,1
899,2493444,58206,1
900,2493444,85984,1
901,2493444,157914,1
902,2493444,270776,1
903,2493444,285767,1
904,2495779,247236,1
905,2498766,4930,1
906,2503087,97642,1
907,2507690,229234,1
908,2507787,117086,1
909,2512048,153377,1
910,2512050,31746,1
911,2512050,153377,1
912,2512050,280572,1
913,2514980,293515,1
914,2518423,113016,1
915,2525874,19104,1
916,2525874,39601,1
917,2528406,207801,1
918,2539567,224053,1
919,2545380,149633,1
920,2551718,5049,1
921,2554996,232934,1
922,2558123,234677,1
923,2559217,198038,1
924,2559217,293168,1
925,2559217,305550,1
926,2559217,305551,1
927,2560598,77485,1
928,2567099,247236,1
929,2571413,8349,1
930,2580619,73929,1
931,2583701,192819,1
934,2587976,184465,1
935,2592334,151963,1
936,1685493,209133,2
937,1687191,85288,2
938,1712152,306351,2
939,1716019,27271,2
940,1716019,99697,2
941,1716019,148405,2
942,1722181,14791,2
943,1724179,27271,2
944,1753348,4621,2
945,1753348,10292,2
946,1753348,110186,2
947,1753348,114567,2
948,1753348,231132,2
949,1753348,242929,2
950,1753348,299697,2
951,1759851,277909,2
952,1759851,297767,2
953,1807444,69336,2
954,1812255,198151,2
955,1812255,269172,2
956,1815267,163303,2
957,1815267,209133,2
958,1820400,96107,2
959,1820400,127600,2
960,1820400,165371,2
961,1837323,209133,2
962,1878658,129118,2
963,1889253,133216,2
964,1895159,10292,2
965,1895159,77506,2
966,1895159,83109,2
967,1895159,127600,2
968,1895159,142263,2
969,1895159,231132,2
970,1895159,250638,2
971,1928004,176503,2
972,1930793,4621,2
973,1930793,10292,2
974,1930793,20202,2
975,1930793,83109,2
976,1930793,110234,2
977,1930793,114412,2
978,1930793,127600,2
979,1930793,165371,2
980,1930793,231132,2
981,1930793,242929,2
982,1930793,250638,2
983,1930810,4621,2
984,1930810,33163,2
985,1930810,33164,2
986,1930810,37612,2
987,1930810,98593,2
988,1930810,99484,2
989,1930810,108515,2
990,1930810,123404,2
991,1933191,267081,2
992,2018220,217163,2
993,2098630,151240,2
994,2121501,151240,2
995,2151740,54859,2
996,2151740,96107,2
997,2151740,142263,2
998,2151740,165371,2
999,2151740,180191,2
1000,2167372,96107,2
1001,2167372,127600,2
1002,2167372,142263,2
1003,2167372,165371,2
1004,2255408,145348,2
1005,2318730,127600,2
1006,2318730,142263,2
1007,2318730,165371,2
1008,2318730,231132,2
1009,2354271,96107,2
1010,2357543,55828,2
1011,2357543,110186,2
1012,2357543,127600,2
1013,2357543,189652,2
1014,2357543,211359,2
1015,2357543,250638,2
1016,2362207,87706,2
1017,2362207,127600,2
1018,2364498,209403,2
1019,2373364,69637,2
1020,2373364,127081,2
1021,2443380,277909,2
1022,2443380,297767,2
1023,2447164,228922,2
1024,2451832,50946,2
1025,2451832,193333,2
1026,2462515,248272,2
1027,2476743,27271,2
1028,2483470,228922,2
1029,2485327,83109,2
1030,2485327,96107,2
1031,2485327,142263,2
1032,2485327,231132,2
1033,2485327,302514,2
1034,2485682,81150,2
1035,2494787,209133,2
1036,2500735,27271,2
1037,2500735,99697,2
1038,2567467,304410,2
1039,2571635,227332,2
1040,1672580,297253,3
1041,1673658,155385,3
1042,1673848,133605,3
1043,1677011,116812,3
1044,1677258,99002,3
1045,1677516,93316,3
1046,1678591,180207,3
1047,1679029,273029,3
1048,1679507,218108,3
1049,1682657,246101,3
1050,1682746,103623,3
1051,1685309,50232,3
1052,1686209,263166,3
1053,1687685,211360,3
1054,1688103,50838,3
1055,1688103,57086,3
1056,1689117,22397,3
1057,1689475,158093,3
1058,1690377,46148,3
1059,1690616,172841,3
1060,1690773,30905,3
1062,1691685,147610,3
1063,1692173,119306,3
1064,1692404,202269,3
1065,1692580,126123,3
1066,1693225,87513,3
1067,1693225,114305,3
1068,1693348,120788,3
1069,1694647,31542,3
1070,1696165,167296,3
1071,1696168,230426,3
1072,1696396,240713,3
1073,1697674,154286,3
1074,1698492,241412,3
1075,1699876,103623,3
1076,1703410,262657,3
1077,1703469,305962,3
1078,1704569,249737,3
1079,1704571,202706,3
1080,1706079,259027,3
1081,1706140,73908,3
1082,1708982,236779,3
1083,1709892,123871,3
1084,1711143,256688,3
1085,1711145,173364,3
1086,1711356,156634,3
1087,1711383,84839,3
1088,1711384,746,3
1089,1711384,305750,3
1090,1711384,305753,3
1091,1717144,133024,3
1095,1720443,112288,3
1096,1721919,164445,3
1097,1722164,292909,3
1098,1722164,292913,3
1099,1722395,172331,3
1100,1723002,184726,3
1101,1723532,90419,3
1102,1724037,117957,3
1103,1724037,257600,3
1104,1724193,289590,3
1105,1724413,197534,3
1106,1724880,209364,3
1107,1726761,224053,3
1108,1727237,253101,3
1109,1727348,281227,3
1110,1727413,167452,3
1111,1728948,176634,3
1112,1729260,64664,3
1113,1729569,131523,3
1114,1729818,151963,3
1115,1730640,271865,3
1116,1730975,5185,3
1117,1732344,101529,3
1118,1732858,290310,3
1119,1734162,290011,3
1120,1734803,172775,3
1121,1736592,223394,3
1122,1737340,40901,3
1123,1737766,101316,3
1124,1738481,33652,3
1126,1743028,62974,3
1127,1743689,116837,3
1128,1744178,120744,3
1129,1744391,59798,3
1130,1744809,230882,3
1131,1747494,276710,3
1132,1747649,305750,3
1133,1748315,180888,3
1134,1748315,233072,3
1135,1748754,50232,3
1136,1749026,88176,3
1137,1749026,128080,3
1138,1749247,126616,3
1139,1749438,97726,3
1140,1749683,182696,3
1141,1750816,127537,3
1142,1753400,156165,3
1143,1753578,5185,3
1144,1755112,263674,3
1145,1755524,239635,3
1146,1758003,137999,3
1147,1758767,11290,3
1148,1758856,257202,3
1149,1759448,84275,3
1150,1759573,66414,3
1151,1759654,69832,3
1152,1759685,166806,3
1153,1760449,277767,3
1154,1760752,37121,3
1155,1762161,87467,3
1156,1762174,132635,3
1157,1762229,11239,3
1158,1762654,222247,3
1159,1763910,46944,3
1160,1765164,106006,3
1161,1765787,176516,3
1162,1765811,119783,3
1163,1765827,294099,3
1165,1767537,45120,3
1166,1768698,172841,3
1167,1769145,185309,3
1168,1769408,73359,3
1169,1770807,11290,3
1170,1771528,62483,3
1171,1771673,201818,3
1172,1772092,27050,3
1173,1772500,13745,3
1174,1775245,260276,3
1175,1775747,263287,3
1176,1776173,70851,3
1177,1776338,288883,3
1178,1776407,296930,3
1179,1776556,33684,3
1180,1776893,75895,3
1181,1779474,270776,3
1183,1779868,12394,3
1184,1779868,290194,3
1185,1779868,290310,3
1186,1780595,231018,3
1187,1780992,107517,3
1188,1781518,130286,3
1189,1783500,122540,3
1190,1783641,213321,3
1191,1783685,217664,3
1192,1783892,1836,3
1193,1784275,58206,3
1194,1784416,210101,3
1195,1784877,7456,3
1196,1785529,206452,3
1197,1786183,126294,3
1198,1786236,235144,3
1199,1786566,127537,3
1200,1786921,116081,3
1201,1787511,75895,3
1202,1787525,236779,3
1203,1787603,301461,3
1205,1788621,302870,3
1206,1788628,303160,3
1207,1789015,239635,3
1208,1789145,226410,3
1209,1789269,113501,3
1210,1789692,33652,3
1211,1789747,183693,3
1212,1790984,219587,3
1213,1792218,17976,3
1214,1792281,256129,3
1215,1792625,92388,3
1216,1793297,251217,3
1217,1793451,5185,3
1218,1793604,19608,3
1219,1794255,296930,3
1220,1795427,246155,3
1221,1795427,247220,3
1222,1795631,13331,3
1223,1795997,297628,3
1224,1796704,292753,3
1225,1797386,21219,3
1226,1797386,28851,3
1227,1797386,217299,3
1228,1798372,227817,3
1229,1798632,224053,3
1230,1799339,294684,3
1231,1801311,77100,3
1232,1801311,135790,3
1233,1801574,188812,3
1234,1803921,167634,3
1235,1805163,117957,3
1236,1806217,253505,3
1237,1806794,253870,3
1238,1806914,271407,3
1239,1807303,161972,3
1240,1808298,291315,3
1241,1808524,5185,3
1242,1808813,64821,3
1243,1809864,143071,3
1244,1809998,166385,3
1245,1809998,287633,3
1246,1810092,303666,3
1248,1811626,70851,3
1249,1812450,120819,3
1250,1812490,257078,3
1251,1816238,73705,3
1252,1817898,300158,3
1253,1818562,46944,3
1254,1819155,10892,3
1255,1821619,211138,3
1256,1821769,46148,3
1257,1822607,41508,3
1258,1822639,184635,3
1259,1822675,108647,3
1260,1822675,137338,3
1261,1823008,70059,3
1262,1823101,127519,3
1263,1823361,257078,3
1264,1823753,260639,3
1265,1824615,165812,3
1266,1824623,114305,3
1267,1824685,283396,3
1268,1825343,121794,3
1269,1826962,158966,3
1270,1828716,270309,3
1271,1830564,17579,3
1272,1832720,5798,3
1273,1832872,138597,3
1274,1833143,230426,3
1275,1833995,196836,3
1276,1834266,130807,3
1277,1835296,270847,3
1278,1835618,177028,3
1279,1836147,179747,3
1280,1836984,15661,3
1281,1837467,233838,3
1282,1837469,101488,3
1283,1837962,5185,3
1284,1837991,22397,3
1285,1838360,164962,3
1286,1838411,149415,3
1287,1838619,156165,3
1288,1841896,31140,3
1290,1844854,241735,3
1291,1847051,177253,3
1292,1851750,299429,3
1293,1852854,179557,3
1294,1853104,227338,3
1295,1854233,160908,3
1296,1856613,51961,3
1297,1856672,227124,3
1298,1857769,172779,3
1299,1858038,304410,3
1300,1858463,236420,3
1301,1859351,5185,3
1302,1860181,33595,3
1303,1860806,41852,3
1304,1860806,130253,3
1305,1861112,258028,3
1306,1862412,240474,3
1307,1866391,299429,3
1308,1869092,248019,3
1309,1869461,16085,3
1310,1870151,229758,3
1311,1870221,186165,3
1312,1872091,11282,3
1313,1872587,85923,3
1314,1878537,260120,3
1315,1879298,158572,3
1316,1880648,239104,3
1317,1883528,273029,3
1318,1884087,177892,3
1319,1885177,149415,3
1320,1885734,158319,3
1321,1886005,16458,3
1323,1889491,290492,3
1324,1889579,129113,3
1325,1889788,126246,3
1326,1890437,148294,3
1327,1890588,33684,3
1328,1891605,64706,3
1329,1891649,271051,3
1330,1892794,246148,3
1331,1892991,22397,3
1332,1893207,132575,3
1333,1893210,128840,3
1334,1893343,100138,3
1335,1894338,177288,3
1336,1894453,296930,3
1337,1894753,207795,3
1338,1895102,81813,3
1339,1895102,81818,3
1340,1898449,201633,3
1341,1898779,253379,3
1343,1899694,56116,3
1344,1899741,289805,3
1345,1899769,224980,3
1346,1900069,189625,3
1347,1900319,121794,3
1348,1901554,62363,3
1349,1910848,211138,3
1350,1912439,46424,3
1351,1912439,118604,3
1352,1912439,123047,3
1353,1912439,193135,3
1354,1913354,178655,3
1355,1913703,191537,3
1356,1915291,176568,3
1357,1923072,282892,3
1358,1923244,271865,3
1359,1923821,5185,3
1360,1923981,5185,3
1361,1925337,172779,3
1362,1928940,176822,3
1363,1929205,290796,3
1364,1929514,210799,3
1365,1930227,118604,3
1366,1930572,228322,3
1368,1932160,114305,3
1369,1932451,227124,3
1370,1932817,185400,3
1371,1932819,252882,3
1372,1932958,227338,3
1373,1933254,73068,3
1374,1933599,58432,3
1375,1934075,14131,3
1376,1935417,122854,3
1377,1936069,80087,3
1378,1936478,244369,3
1379,1936478,302638,3
1380,1938743,293958,3
1381,1940096,80096,3
1382,1941271,26367,3
1383,1942058,246268,3
1384,1942296,230426,3
1385,1942299,230426,3
1386,1942828,237483,3
1387,1943470,176568,3
1388,1944457,264132,3
1389,1944862,182999,3
1390,1944905,271865,3
1391,1945371,99002,3
1392,1945589,259027,3
1393,1945700,260285,3
1394,1946463,122772,3
1395,1946963,57941,3
1396,1948277,6981,3
1397,1948277,232145,3
1398,1948277,232620,3
1399,1948277,270370,3
1400,1948340,197534,3
1401,1950286,196811,3
1402,1950577,182822,3
1403,1951003,32878,3
1404,1951279,136660,3
1405,1951417,106995,3
1406,1951417,268679,3
1407,1951931,103083,3
1408,1952054,12720,3
1409,1952201,107863,3
1410,1952386,119790,3
1411,1952391,289553,3
1412,1952676,217282,3
1413,1953354,50232,3
1414,1955728,47042,3
1415,1955747,70851,3
1416,1955750,117761,3
1417,1957176,270776,3
1418,1961185,14901,3
1419,1964200,137056,3
1420,1964209,252502,3
1421,1964242,259027,3
1422,1964467,184488,3
1423,1964503,67488,3
1424,1965236,227338,3
1425,1966241,185400,3
1426,1967074,156165,3
1427,1967955,179004,3
1428,1969868,295588,3
1429,1970159,160271,3
1430,1970338,137999,3
1431,1970505,132718,3
1432,1970696,267451,3
1433,1971464,177288,3
1434,1972807,38785,3
1435,1973432,158572,3
1436,1973808,130820,3
1437,1974272,159037,3
1438,1975181,6981,3
1439,1976612,25386,3
1440,1976643,71935,3
1441,1977589,60979,3
1442,1977592,60979,3
1443,1977857,58824,3
1444,1978312,26428,3
1445,1978415,224053,3
1446,1978778,67488,3
1447,1978782,214084,3
1448,1979111,106995,3
1449,1979111,268679,3
1450,1980267,26385,3
1451,1980412,121794,3
1452,1981170,170350,3
1453,1982133,254719,3
1454,1983455,291315,3
1455,1983859,62483,3
1456,1985443,66413,3
1457,1985755,138000,3
1458,1986482,258646,3
1459,1986845,73359,3
1460,1986848,123150,3
1461,1987088,116822,3
1462,1987126,125290,3
1463,1987387,178066,3
1464,1988380,11239,3
1465,1988448,122772,3
1466,1988626,64664,3
1467,1988919,146213,3
1468,1989616,295434,3
1469,1989826,47495,3
1470,1991064,296957,3
1472,1991544,47042,3
1473,1991707,280494,3
1474,1991969,198184,3
1475,1992315,156634,3
1476,1992374,19608,3
1477,1992374,115673,3
1478,1993553,224980,3
1479,1994279,216632,3
1480,1995071,112288,3
1481,1996227,263287,3
1483,1999095,89150,3
1484,1999308,27485,3
1485,2000130,301307,3
1486,2001271,113501,3
1487,2002500,33684,3
1488,2003554,205235,3
1489,2004240,241341,3
1490,2005166,115990,3
1491,2005202,40070,3
1492,2005459,52953,3
1493,2005550,208963,3
1494,2005831,87721,3
1495,2006016,107361,3
1496,2006796,22694,3
1498,2010080,234743,3
1499,2010339,185309,3
1500,2010351,297358,3
1501,2010417,295495,3
1502,2010432,122540,3
1503,2010439,127413,3
1504,2010439,178842,3
1505,2010442,183066,3
1506,2010861,184696,3
1507,2011327,158093,3
1508,2011835,173285,3
1509,2012189,188968,3
1510,2012308,11290,3
1511,2013370,71935,3
1512,2013847,139708,3
1513,2014806,72319,3
1514,2017357,173309,3
1515,2017696,173120,3
1516,2018109,62310,3
1518,2020780,241412,3
1519,2020812,33652,3
1520,2020856,297504,3
1521,2021095,93823,3
1522,2021329,52329,3
1523,2021560,244369,3
1524,2023205,287778,3
1525,2023228,86000,3
1526,2023565,243956,3
1527,2026315,21654,3
1528,2027469,12551,3
1529,2029975,206452,3
1530,2032104,214080,3
1531,2032173,31499,3
1532,2032270,150377,3
1533,2034409,180285,3
1534,2038910,100853,3
1535,2040205,293515,3
1536,2040689,295426,3
1537,2042414,157481,3
1538,2042414,258680,3
1539,2042462,22694,3
1540,2042532,40901,3
1541,2042748,271865,3
1542,2043628,115963,3
1543,2045231,266162,3
1544,2045245,54501,3
1545,2045328,184787,3
1548,2046902,136840,3
1549,2047593,746,3
1550,2048611,262371,3
1551,2049822,11324,3
1552,2050532,57620,3
1553,2050561,236563,3
1554,2052306,158572,3
1555,2052620,158303,3
1556,2053508,211204,3
1557,2056919,181494,3
1558,2057973,172841,3
1559,2058247,210068,3
1560,2058442,227338,3
1561,2058733,87513,3
1562,2059661,45741,3
1563,2067104,98451,3
1564,2067595,24905,3
1565,2067764,200270,3
1566,2068023,75052,3
1567,2070201,112039,3
1568,2070230,18978,3
1569,2070614,169006,3
1570,2070880,5442,3
1571,2073054,81813,3
1572,2073054,81818,3
1573,2073938,286890,3
1574,2074187,77354,3
1575,2076744,267170,3
1576,2079361,119789,3
1578,2088141,127519,3
1579,2091405,233294,3
1580,2093617,155237,3
1581,2094426,83871,3
1582,2097722,150089,3
1583,2102238,151749,3
1584,2102238,197852,3
1586,2102540,21654,3
1587,2103908,293085,3
1588,2105754,88823,3
1589,2107497,37738,3
1590,2107634,128080,3
1591,2107892,74747,3
1592,2108364,184861,3
1594,2111847,284158,3
1595,2112512,282473,3
1596,2113531,154746,3
1597,2116736,38555,3
1599,2120136,171660,3
1600,2122231,233294,3
1601,2122764,217437,3
1602,2125443,249737,3
1603,2126772,73950,3
1604,2127239,132520,3
1605,2127402,152726,3
1606,2128046,297265,3
1607,2130340,244267,3
1608,2130504,21337,3
1609,2131225,206452,3
1610,2131334,116081,3
1611,2131675,154021,3
1612,2132235,150838,3
1613,2132367,68584,3
1614,2133416,87467,3
1615,2137901,36534,3
1616,2137905,114305,3
1617,2139407,9510,3
1618,2139438,32240,3
1619,2139545,41886,3
1622,2140461,17453,3
1623,2140530,88826,3
1624,2140806,5185,3
1625,2140811,149661,3
1626,2140922,57285,3
1628,2141230,295426,3
1629,2141393,170779,3
1630,2141461,31499,3
1631,2141703,285213,3
1633,2142487,248405,3
1634,2145942,5798,3
1636,2147992,25639,3
1638,2148608,21725,3
1639,2148848,287717,3
1640,2151493,290883,3
1641,2151499,43724,3
1642,2153457,257078,3
1643,2154596,708,3
1644,2154607,205129,3
1645,2154630,249746,3
1646,2155643,5185,3
1647,2155689,5185,3
1648,2156231,147948,3
1649,2156478,236355,3
1650,2159513,66413,3
1651,2159587,37121,3
1652,2160428,263287,3
1653,2162109,67692,3
1654,2162994,235144,3
1655,2164328,136407,3
1656,2164624,81813,3
1657,2164624,81818,3
1658,2164939,227338,3
1659,2164942,162398,3
1660,2164943,181508,3
1661,2164944,295073,3
1662,2165411,240429,3
1663,2165627,40901,3
1664,2165721,15089,3
1665,2165765,30972,3
1666,2165832,230882,3
1667,2167489,66413,3
1669,2168207,259027,3
1670,2170610,243329,3
1671,2170643,263674,3
1672,2171762,88759,3
1673,2171907,78623,3
1674,2172334,169006,3
1675,2173296,146895,3
1676,2173331,5185,3
1677,2174318,21725,3
1679,2175680,43319,3
1680,2176083,247530,3
1681,2178276,87113,3
1682,2178276,157914,3
1683,2178276,162415,3
1684,2178807,109378,3
1685,2179017,78623,3
1686,2179939,46148,3
1687,2180698,73435,3
1688,2182564,46148,3
1689,2183643,8468,3
1690,2183726,130286,3
1691,2186706,284886,3
1692,2187505,118604,3
1693,2187957,18978,3
1694,2188074,72182,3
1695,2188117,298401,3
1696,2188295,57941,3
1697,2188440,185342,3
1698,2188458,43724,3
1699,2188633,52953,3
1700,2188768,21725,3
1701,2188978,31499,3
1702,2189533,5442,3
1703,2189969,224053,3
1704,2190062,136660,3
1705,2190900,119469,3
1706,2190982,230445,3
1707,2191385,213689,3
1708,2192642,119469,3
1710,2192747,25119,3
1711,2192782,14824,3
1712,2192913,19423,3
1713,2192973,165812,3
1714,2193388,214084,3
1715,2193407,21725,3
1716,2193721,156634,3
1717,2194362,150115,3
1718,2194363,146213,3
1719,2195233,219587,3
1720,2195417,30533,3
1721,2196060,169545,3
1722,2196068,129113,3
1723,2196132,230882,3
1727,2197021,136839,3
1728,2199194,22188,3
1729,2200121,4637,3
1731,2206516,101620,3
1732,2206656,140898,3
1733,2208048,42095,3
1734,2208084,7117,3
1735,2209821,121794,3
1736,2210137,75375,3
1737,2210139,65302,3
1738,2210254,129113,3
1739,2211223,127673,3
1740,2211336,52953,3
1741,2211751,164372,3
1742,2212954,36822,3
1743,2213622,244130,3
1744,2214546,22188,3
1745,2216176,146286,3
1746,2217693,172779,3
1747,2217888,183421,3
1748,2218486,98528,3
1749,2218524,9273,3
1751,2219779,150377,3
1752,2219992,247850,3
1753,2226062,251527,3
1754,2226103,133347,3
1755,2227800,169827,3
1756,2229787,82960,3
1757,2229787,123878,3
1758,2229787,263166,3
1759,2229787,285767,3
1760,2230871,70851,3
1761,2230871,138697,3
1762,2231697,119783,3
1763,2231896,119306,3
1764,2232226,178312,3
1765,2233885,130286,3
1766,2236640,209403,3
1767,2240516,54134,3
1768,2240849,117957,3
1769,2240934,41236,3
1770,2240936,55156,3
1771,2241542,27050,3
1772,2243968,292683,3
1773,2245138,35075,3
1774,2248232,121794,3
1775,2248574,49710,3
1776,2249442,287717,3
1777,2250014,293515,3
1778,2252917,233447,3
1779,2253153,291315,3
1780,2253567,54501,3
1781,2257381,31499,3
1782,2258163,77354,3
1783,2258957,199951,3
1784,2259586,41886,3
1785,2259786,262527,3
1786,2261350,291315,3
1787,2261929,60979,3
1788,2263826,251217,3
1789,2264592,42436,3
1790,2264815,235132,3
1791,2267111,296930,3
1792,2267114,208912,3
1793,2267116,208912,3
1794,2267118,72220,3
1795,2267120,193711,3
1796,2267121,28550,3
1797,2267434,53429,3
1798,2269410,50232,3
1799,2269426,50232,3
1800,2269444,145244,3
1802,2271178,172781,3
1803,2272308,73908,3
1804,2274575,172779,3
1805,2274590,67488,3
1806,2275181,198184,3
1807,2275709,12439,3
1808,2276353,305009,3
1809,2276914,26033,3
1810,2277269,30888,3
1811,2277269,147654,3
1812,2277334,123878,3
1813,2277505,73359,3
1814,2277506,158303,3
1815,2279852,5798,3
1816,2280101,142117,3
1817,2282360,197534,3
1819,2285647,224980,3
1820,2288084,5185,3
1821,2288257,257202,3
1822,2289215,162015,3
1823,2289300,51556,3
1824,2289300,51557,3
1826,2292773,230972,3
1827,2292920,54134,3
1828,2293200,263659,3
1829,2293915,227725,3
1830,2297049,43514,3
1831,2297836,172841,3
1832,2298189,102406,3
1833,2298460,56307,3
1834,2298603,162398,3
1835,2301991,118604,3
1837,2302661,155237,3
1838,2303621,836,3
1839,2304330,32715,3
1840,2305025,214084,3
1841,2307015,72800,3
1842,2308229,300073,3
1843,2308916,185704,3
1844,2309427,301461,3
1845,2310074,292450,3
1846,2310159,264261,3
1847,2310722,212429,3
1848,2312852,172779,3
1849,2313519,7456,3
1850,2313912,746,3
1851,2313912,305750,3
1852,2313912,305753,3
1853,2314869,158716,3
1854,2315269,182137,3
1855,2316046,295426,3
1856,2316049,217675,3
1857,2316800,109579,3
1859,2321525,192712,3
1860,2321649,260665,3
1861,2324074,52233,3
1862,2324383,57620,3
1863,2325153,291700,3
1864,2325936,258118,3
1865,2326309,156165,3
1866,2328405,4451,3
1867,2328405,136172,3
1868,2328488,70986,3
1869,2329335,303462,3
1870,2333527,260276,3
1871,2334512,291315,3
1872,2335400,137999,3
1873,2337754,165812,3
1874,2338941,99883,3
1875,2338963,167609,3
1876,2339096,241341,3
1877,2339103,266523,3
1878,2341003,126294,3
1879,2341046,156165,3
1880,2341160,36822,3
1881,2341171,248019,3
1882,2341509,74845,3
1883,2344403,246553,3
1884,2344675,5798,3
1886,2349123,131444,3
1887,2349269,290440,3
1888,2349430,270463,3
1889,2350234,70851,3
1890,2350234,138697,3
1891,2350378,57620,3
1892,2350992,73435,3
1893,2351245,9679,3
1894,2351246,73462,3
1895,2351717,244369,3
1896,2351845,23305,3
1897,2351885,177288,3
1898,2351925,122854,3
1899,2352948,62483,3
1900,2353781,138579,3
1901,2353895,232989,3
1902,2354011,213895,3
1903,2354226,5185,3
1904,2354392,78623,3
1905,2354674,121944,3
1906,2355275,33247,3
1907,2355276,175895,3
1908,2355303,129821,3
1909,2355661,5185,3
1911,2356224,12394,3
1912,2356224,290310,3
1913,2356287,80506,3
1914,2356460,227815,3
1915,2357080,231731,3
1916,2357857,244760,3
1917,2358317,119306,3
1918,2358980,7682,3
1919,2359014,281779,3
1920,2360675,295426,3
1923,2361211,220286,3
1924,2361281,244424,3
1925,2361284,109378,3
1927,2361748,224980,3
1928,2361784,263287,3
1929,2363270,300158,3
1930,2363738,274494,3
1931,2363756,185309,3
1932,2364254,61738,3
1934,2365633,237483,3
1935,2366368,280494,3
1936,2367023,260343,3
1937,2367832,121794,3
1938,2367921,9273,3
1939,2369177,58432,3
1940,2370704,295426,3
1941,2371509,10892,3
1942,2372012,5185,3
1943,2373106,124171,3
1944,2373212,62087,3
1946,2373941,52953,3
1947,2374542,255120,3
1948,2374677,231648,3
1949,2374686,96927,3
1950,2375659,84679,3
1951,2377127,129113,3
1952,2378398,164789,3
1953,2378535,139630,3
1954,2378750,227338,3
1955,2379192,224053,3
1956,2380109,160908,3
1957,2380949,251181,3
1958,2381332,6981,3
1959,2381332,287967,3
1960,2381528,201712,3
1961,2383305,52778,3
1962,2384735,177892,3
1963,2388125,5185,3
1964,2388445,122283,3
1965,2388613,160271,3
1966,2390303,197117,3
1967,2392533,80051,3
1968,2393241,5185,3
1969,2393853,68638,3
1970,2393856,112018,3
1971,2393957,54863,3
1972,2394206,260077,3
1973,2394728,126692,3
1975,2397663,304223,3
1976,2397781,296531,3
1977,2400056,65079,3
1978,2401353,26832,3
1979,2401814,33652,3
1980,2403659,263287,3
1981,2403807,227124,3
1982,2403883,110338,3
1983,2404002,75895,3
1984,2404248,60979,3
1985,2404844,243364,3
1986,2405097,118604,3
1987,2405818,263287,3
1988,2405972,178746,3
1989,2406080,259027,3
1990,2406464,77485,3
1991,2406492,296446,3
1992,2406910,98451,3
1993,2407115,119383,3
1994,2407502,227131,3
1995,2408078,295426,3
1996,2408166,275252,3
1997,2408167,178314,3
1998,2409070,214084,3
1999,2409708,176692,3
2000,2409764,255120,3
2001,2410273,185400,3
2002,2410338,51075,3
2003,2410484,37587,3
2004,2410691,293693,3
2005,2410916,57086,3
2006,2411215,149633,3
2007,2411762,155963,3
2008,2412295,260276,3
2009,2412502,136660,3
2010,2412620,256188,3
2011,2412676,267304,3
2012,2412686,51556,3
2013,2412686,51557,3
2014,2412740,188812,3
2015,2412918,5088,3
2016,2413158,198184,3
2017,2414595,64003,3
2018,2414877,117086,3
2019,2415482,273029,3
2020,2415703,122854,3
2022,2416319,243574,3
2023,2416380,36822,3
2024,2416982,9494,3
2025,2417002,122935,3
2026,2417216,263659,3
2027,2417640,230426,3
2028,2418230,178314,3
2029,2418253,255349,3
2030,2418326,275252,3
2031,2419797,46148,3
2032,2420229,230413,3
2033,2421052,209221,3
2034,2421210,37587,3
2035,2422712,69438,3
2036,2424628,191216,3
2037,2425880,263024,3
2038,2426757,165812,3
2039,2427591,103623,3
2040,2429506,187790,3
2041,2429962,111354,3
2042,2431451,118604,3
2043,2431691,214084,3
2044,2432016,108434,3
2045,2432016,222247,3
2046,2432016,248363,3
2047,2433039,296930,3
2048,2433086,97642,3
2049,2433193,217237,3
2050,2433314,172779,3
2051,2433445,158303,3
2052,2433450,158303,3
2053,2434664,127537,3
2054,2434818,44051,3
2055,2434873,120667,3
2056,2435520,269400,3
2057,2435620,139852,3
2058,2435625,241341,3
2059,2435692,121422,3
2060,2437007,270587,3
2061,2437321,281106,3
2062,2437961,235144,3
2063,2438147,198184,3
2064,2438279,175733,3
2065,2438541,46148,3
2066,2438765,115808,3
2067,2438986,122540,3
2068,2440300,275252,3
2069,2442181,193463,3
2070,2443071,291323,3
2071,2443214,51556,3
2072,2443214,51557,3
2073,2444103,278671,3
2074,2444273,168055,3
2075,2444539,228919,3
2076,2444722,146213,3
2077,2445757,227124,3
2078,2445763,181195,3
2079,2446644,151963,3
2080,2446778,46148,3
2081,2446782,279430,3
2082,2447823,265383,3
2083,2447864,118604,3
2084,2448585,263674,3
2085,2448629,11239,3
2086,2449729,137985,3
2087,2450051,10722,3
2088,2451897,152273,3
2089,2451897,248121,3
2090,2451910,260276,3
2091,2451959,54863,3
2092,2451959,104433,3
2093,2451959,293054,3
2094,2452938,61881,3
2095,2452938,285218,3
2096,2453494,45680,3
2097,2456555,230270,3
2098,2456557,227124,3
2099,2457168,237473,3
2100,2457384,62374,3
2101,2457395,130807,3
2102,2457441,947,3
2103,2458438,47042,3
2104,2458634,178314,3
2105,2458984,264810,3
2106,2459538,21725,3
2107,2460419,115803,3
2108,2460432,206452,3
2109,2460492,33595,3
2110,2461007,89720,3
2111,2461096,7212,3
2112,2462112,244827,3
2113,2462958,158989,3
2114,2462959,249737,3
2115,2463037,124313,3
2116,2463128,239635,3
2117,2463946,53403,3
2118,2463959,234159,3
2119,2464197,156165,3
2120,2464545,172779,3
2121,2464635,292753,3
2122,2464684,113501,3
2123,2464684,122830,3
2124,2465091,284,3
2125,2465091,70851,3
2126,2465142,226589,3
2127,2465145,265383,3
2128,2465208,121794,3
2129,2465224,32758,3
2130,2465320,267568,3
2131,2466194,194787,3
2132,2466584,184676,3
2133,2466782,58206,3
2134,2467591,5798,3
2135,2467606,58038,3
2137,2467993,244358,3
2138,2468555,172841,3
2139,2469496,33684,3
2140,2470130,5185,3
2141,2470557,87113,3
2142,2471175,54863,3
2143,2471265,68584,3
2144,2472087,66414,3
2145,2472260,185400,3
2146,2472393,67488,3
2147,2472800,75895,3
2148,2472807,115505,3
2149,2473917,209221,3
2150,2474100,250526,3
2151,2474742,180294,3
2153,2475423,210068,3
2156,2475939,230426,3
2157,2476201,136807,3
2158,2477524,263287,3
2159,2477525,17976,3
2160,2478017,164372,3
2161,2479024,184696,3
2162,2479418,119622,3
2163,2481665,117761,3
2164,2482169,227131,3
2165,2482925,290496,3
2166,2483077,37083,3
2167,2483077,71897,3
2168,2484054,304223,3
2169,2484104,100911,3
2170,2484853,120667,3
2171,2484924,103801,3
2172,2485008,282502,3
2173,2487210,118604,3
2174,2487366,292674,3
2175,2487415,156634,3
2176,2487884,198231,3
2177,2489362,89150,3
2178,2489534,126016,3
2179,2490655,161041,3
2180,2491349,54543,3
2181,2491830,54543,3
2182,2492491,165812,3
2183,2492644,199906,3
2184,2493775,58206,3
2185,2493900,81254,3
2186,2496353,81813,3
2187,2496353,81818,3
2189,2496783,112490,3
2190,2497211,169820,3
2191,2498143,227131,3
2192,2499216,51075,3
2193,2499216,137999,3
2194,2499970,242030,3
2195,2500022,85923,3
2196,2500912,49834,3
2197,2503810,251217,3
2198,2503827,158572,3
2199,2504995,164372,3
2201,2505110,282892,3
2202,2505595,140752,3
2203,2508103,247850,3
2204,2509481,241341,3
2205,2511051,245774,3
2206,2511307,135473,3
2207,2512132,158572,3
2208,2512542,151963,3
2210,2513082,183752,3
2211,2515489,37181,3
2212,2516147,165812,3
2213,2516358,81164,3
2214,2516406,256688,3
2215,2517067,225751,3
2216,2517305,236779,3
2217,2517414,140850,3
2219,2518007,164372,3
2220,2518736,112288,3
2221,2520062,155431,3
2222,2520326,201537,3
2223,2521170,126123,3
2224,2521605,139358,3
2225,2521605,192156,3
2226,2522027,5088,3
2228,2522674,274955,3
2229,2522758,21803,3
2230,2522957,278002,3
2231,2527825,3134,3
2232,2531770,224980,3
2233,2532030,149415,3
2234,2534991,138000,3
2235,2537149,1851,3
2236,2537149,48676,3
2237,2540772,56774,3
2238,2541368,169493,3
2239,2541694,230972,3
2240,2542489,139873,3
2242,2544594,22477,3
2243,2545754,75895,3
2244,2550858,182921,3
2245,2553800,158572,3
2246,2554203,106006,3
2247,2554361,294249,3
2248,2554662,132318,3
2249,2555100,120137,3
2250,2558441,260276,3
2251,2558443,266631,3
2252,2559249,132732,3
2253,2559529,165399,3
2254,2559855,146286,3
2255,2560159,122854,3
2256,2560616,258646,3
2257,2561419,71572,3
2258,2562193,206452,3
2259,2562503,199906,3
2260,2562929,198184,3
2261,2563736,225751,3
2262,2564194,227131,3
2263,2565851,296234,3
2264,2565873,135566,3
2265,2565985,221521,3
2266,2566203,279430,3
2267,2566262,51892,3
2268,2566626,58826,3
2269,2566918,251217,3
2270,2567258,158452,3
2271,2567937,85699,3
2272,2567991,66892,3
2273,2568931,252879,3
2274,2569037,126123,3
2275,2572280,243956,3
2276,2572655,182558,3
2277,2572675,139808,3
2278,2572978,231577,3
2279,2574016,276214,3
2280,2574613,110667,3
2281,2574824,287717,3
2282,2575313,198184,3
2283,2578392,304738,3
2284,2579662,119427,3
2285,2581428,155431,3
2286,2582703,40901,3
2287,2582995,244760,3
2288,2583382,78623,3
2289,2583601,172779,3
2290,2583633,33684,3
2291,2584311,150377,3
2292,2586057,78431,3
2293,2587786,136658,3
2294,2592963,50126,3
2295,2593112,90204,3
2296,2593313,5442,3
2297,1681633,88781,4
2298,1682630,161997,4
2299,1682922,246268,4
2300,1684201,171422,4
2301,1684430,63936,4
2302,1685463,148294,4
2303,1687905,227131,4
2306,1693861,62087,4
2307,1693880,75298,4
2308,1696148,223394,4
2309,1697856,246268,4
2310,1703588,217664,4
2311,1703907,75298,4
2312,1713755,259746,4
2313,1715288,14569,4
2314,1721888,245774,4
2315,1721967,137773,4
2316,1722198,112098,4
2317,1727082,219792,4
2318,1731412,50366,4
2319,1731505,224929,4
2320,1742509,169493,4
2321,1747545,222850,4
2322,1750424,111713,4
2323,1750660,83624,4
2324,1751071,169349,4
2326,1760927,245889,4
2327,1763019,296071,4
2328,1765082,16728,4
2330,1775854,118604,4
2331,1776732,237473,4
2332,1777297,9131,4
2333,1778258,51556,4
2334,1778258,51557,4
2335,1778411,223078,4
2336,1779361,245774,4
2337,1779835,165692,4
2338,1779914,280348,4
2339,1781241,136660,4
2340,1781597,302710,4
2341,1785170,288437,4
2342,1785170,288438,4
2343,1791085,89308,4
2344,1803357,218214,4
2345,1804232,64003,4
2347,1816691,217521,4
2348,1821229,289358,4
2349,1821917,126123,4
2350,1823740,156165,4
2351,1832832,234788,4
2352,1832956,170235,4
2353,1833175,6523,4
2355,1838850,69968,4
2356,1839137,119017,4
2357,1842580,210101,4
2358,1847048,287778,4
2359,1847699,234098,4
2360,1856608,231018,4
2361,1856731,122753,4
2362,1856731,122755,4
2363,1858357,297504,4
2364,1859092,210248,4
2365,1859092,210249,4
2366,1864846,8349,4
2367,1870798,88807,4
2368,1871833,118604,4
2369,1883995,164962,4
2370,1885039,108073,4
2371,1888811,295426,4
2372,1888823,22397,4
2373,1893483,282892,4
2375,1926507,9131,4
2376,1926854,244827,4
2377,1929262,118882,4
2378,1929431,246268,4
2379,1931489,51556,4
2380,1931489,51557,4
2381,1933702,181459,4
2382,1933830,55156,4
2383,1944510,199751,4
2384,1946397,217798,4
2385,1951390,118604,4
2386,1951397,118882,4
2387,1951428,300608,4
2388,1959300,146404,4
2389,1960531,58206,4
2390,1964073,119017,4
2391,1969753,164962,4
2392,1975609,136660,4
2393,1979839,164962,4
2394,1984792,31499,4
2395,1985138,142830,4
2396,1985642,218785,4
2397,1985793,152211,4
2398,1990862,170389,4
2399,1990862,293413,4
2400,1992344,228356,4
2401,1995179,208816,4
2402,2007256,73462,4
2403,2014847,89403,4
2404,2016990,118604,4
2405,2028072,100138,4
2406,2029381,164359,4
2407,2031463,238145,4
2408,2032626,130286,4
2409,2033854,13745,4
2410,2037379,255709,4
2411,2045876,270370,4
2412,2046389,172392,4
2413,2046586,298793,4
2414,2048413,178842,4
2415,2050120,231577,4
2416,2053502,294018,4
2417,2058950,98731,4
2418,2062622,248589,4
2419,2062958,194787,4
2420,2064107,5798,4
2421,2064709,68838,4
2422,2069192,123878,4
2423,2069265,104077,4
2424,2070548,50366,4
2425,2071566,148294,4
2426,2071800,12546,4
2427,2072443,58826,4
2428,2072728,83624,4
2429,2074067,85853,4
2430,2085383,45075,4
2432,2088076,110667,4
2433,2092032,45075,4
2434,2100174,275198,4
2435,2103526,64253,4
2436,2114355,293055,4
2437,2119264,12251,4
2438,2119409,206521,4
2439,2122177,278021,4
2440,2122788,279859,4
2441,2131031,103096,4
2442,2133500,230420,4
2443,2144390,255239,4
2444,2145409,23861,4
2445,2145603,152211,4
2446,2153283,19935,4
2447,2168402,122753,4
2448,2168402,122755,4
2449,2171511,6981,4
2450,2173027,75298,4
2451,2174453,51556,4
2452,2174453,51557,4
2453,2181493,132732,4
2454,2189833,269613,4
2455,2190795,118604,4
2456,2190803,69968,4
2458,2202732,264169,4
2459,2204532,116956,4
2460,2206740,109169,4
2461,2207203,100138,4
2462,2208430,113016,4
2463,2208962,13745,4
2464,2209608,164962,4
2465,2216031,179799,4
2466,2219442,118604,4
2467,2228754,226333,4
2468,2230917,137826,4
2469,2231247,157634,4
2470,2231336,269613,4
2471,2231882,88807,4
2472,2241805,251312,4
2473,2244488,244913,4
2474,2247345,22962,4
2475,2247345,255106,4
2478,2264538,296781,4
2479,2265148,51240,4
2480,2275139,118882,4
2481,2275635,164962,4
2482,2280997,270370,4
2483,2288908,170389,4
2484,2290793,121794,4
2485,2291994,170389,4
2486,2294497,12720,4
2487,2294990,59933,4
2488,2299047,270370,4
2489,2299646,80178,4
2490,2308725,180294,4
2491,2308889,299611,4
2492,2309617,118604,4
2493,2310980,59933,4
2495,2327740,56774,4
2496,2328882,84686,4
2497,2335264,200721,4
2498,2339111,30905,4
2499,2340287,237158,4
2500,2354247,158572,4
2501,2356755,64003,4
2502,2357240,66414,4
2503,2366649,118604,4
2504,2376870,24941,4
2505,2377282,118604,4
2506,2378853,22694,4
2507,2382368,156165,4
2508,2388790,265208,4
2509,2388990,7365,4
2510,2390631,170389,4
2511,2397128,246973,4
2512,2408977,123878,4
2513,2411361,110667,4
2514,2411558,302524,4
2515,2412514,159007,4
2516,2412859,113501,4
2517,2414050,181796,4
2518,2414571,200697,4
2519,2420111,246268,4
2520,2423139,132732,4
2521,2425966,179335,4
2522,2426074,207256,4
2523,2434846,83624,4
2524,2435713,293703,4
2525,2437039,36738,4
2526,2437277,54501,4
2527,2437299,54501,4
2528,2437300,54501,4
2529,2439306,61069,4
2530,2439451,89150,4
2531,2441957,165286,4
2532,2442759,120819,4
2533,2442836,180602,4
2535,2447022,148294,4
2536,2451328,258118,4
2537,2452580,5798,4
2539,2455724,123878,4
2540,2456020,118604,4
2541,2458858,81281,4
2542,2459856,164962,4
2544,2464777,54501,4
2545,2465279,118604,4
2546,2465999,207256,4
2547,2468262,296906,4
2548,2468270,223078,4
2549,2470910,54501,4
2550,2477653,61069,4
2551,2478414,66413,4
2552,2479134,51903,4
2553,2483187,49834,4
2554,2483838,242345,4
2555,2483957,185342,4
2556,2485001,190281,4
2557,2485156,226333,4
2558,2485256,130286,4
2559,2485257,180080,4
2560,2488990,64003,4
2561,2489145,254763,4
2562,2493239,157661,4
2563,2494739,118604,4
2564,2494890,103096,4
2565,2495198,235071,4
2566,2496767,22862,4
2567,2497303,85853,4
2568,2498578,202403,4
2570,2505066,118604,4
2571,2505263,192150,4
2572,2511131,293055,4
2573,2513237,30905,4
2574,2513519,99543,4
2575,2514865,103453,4
2576,2516166,101866,4
2577,2518391,75298,4
2578,2518541,247289,4
2579,2521851,22188,4
2580,2524414,264169,4
2581,2531311,118604,4
2582,2531488,120788,4
2583,2532198,235425,4
2584,2532198,287748,4
2585,2561516,230993,4
2586,2561516,297774,4
2587,2562421,98095,4
2588,2562421,137231,4
2589,2567049,70782,4
2590,2569938,179799,4
2591,2572301,79752,4
2592,2573168,292674,4
2593,2578162,123299,4
2594,2579702,304740,4
2595,2584115,118604,4
2596,1677346,22912,5
2597,1682692,12677,5
2599,1689263,13518,5
2600,1691642,305307,5
2601,1693818,58938,5
2602,1693818,282937,5
2604,1720040,87291,5
2605,1721750,40775,5
2606,1721750,110264,5
2607,1721750,145757,5
2608,1721750,253552,5
2609,1722098,256694,5
2610,1722174,122753,5
2611,1722174,122755,5
2612,1730836,26244,5
2613,1735791,71277,5
2614,1737713,182242,5
2615,1741487,20525,5
2616,1746382,172841,5
2617,1746829,211101,5
2618,1749806,258197,5
2619,1753837,135976,5
2620,1754754,89812,5
2621,1755813,220179,5
2622,1756902,245301,5
2623,1765789,227289,5
2624,1766884,158692,5
2625,1767110,26706,5
2626,1773436,215030,5
2627,1775382,203367,5
2628,1783029,212245,5
2629,1784663,48974,5
2630,1785265,11239,5
2631,1786124,211829,5
2632,1790753,189043,5
2633,1790780,67,5
2634,1790780,19163,5
2635,1792523,293280,5
2636,1804484,258404,5
2637,1804947,189636,5
2638,1805273,110012,5
2639,1806151,246973,5
2640,1824923,251217,5
2641,1828055,286463,5
2642,1829153,189043,5
2644,1834154,18859,5
2646,1839442,305978,5
2647,1843039,224927,5
2648,1845075,53330,5
2649,1847035,68316,5
2650,1847595,116741,5
2651,1847739,257011,5
2652,1857796,142557,5
2653,1875013,194201,5
2654,1875764,144478,5
2655,1887066,197534,5
2656,1899730,37121,5
2657,1911817,135976,5
2658,1914192,189360,5
2659,1915861,103845,5
2660,1915861,299019,5
2662,1918615,258118,5
2663,1923287,32106,5
2664,1923287,133361,5
2665,1923287,166921,5
2666,1924384,209221,5
2667,1929146,147677,5
2668,1931497,54595,5
2669,1932207,190281,5
2672,1945248,227135,5
2673,1949144,51033,5
2674,1949444,273335,5
2675,1953362,224919,5
2676,1955231,138830,5
2677,1959117,12018,5
2679,1964069,148389,5
2680,1967379,170235,5
2681,1971093,53258,5
2682,1973922,246973,5
2683,1974984,243128,5
2684,1976319,177420,5
2685,1981506,157914,5
2686,1985576,25259,5
2687,1992100,62398,5
2688,1992502,127537,5
2689,1992682,206673,5
2690,1995178,179799,5
2691,1999986,278697,5
2692,2005656,26926,5
2693,2007465,128528,5
2694,2015664,219686,5
2695,2018562,112098,5
2696,2029309,234458,5
2697,2030641,12018,5
2698,2032879,251473,5
2699,2035238,33317,5
2700,2041945,22694,5
2701,2042524,36373,5
2702,2044952,99002,5
2703,2049814,126992,5
2704,2058644,196576,5
2707,2071578,182643,5
2708,2078652,226673,5
2709,2080719,246973,5
2710,2081397,33750,5
2711,2088412,281485,5
2712,2099471,49615,5
2714,2114635,285911,5
2715,2121785,52463,5
2717,2135675,206720,5
2718,2140029,141967,5
2719,2140029,152245,5
2720,2140049,176471,5
2721,2142714,23392,5
2722,2149158,139808,5
2723,2153014,156165,5
2724,2154663,87291,5
2725,2157273,270731,5
2726,2163581,186754,5
2727,2166642,116837,5
2728,2169876,157875,5
2729,2171943,132732,5
2730,2172541,200926,5
2731,2172541,221608,5
2732,2172829,209221,5
2733,2180060,155721,5
2734,2181096,213327,5
2735,2187739,190281,5
2736,2188547,167609,5
2737,2188708,236779,5
2738,2194143,251473,5
2739,2194168,122575,5
2742,2209075,202808,5
2743,2212209,264169,5
2744,2224890,131735,5
2745,2229516,34004,5
2746,2230732,37039,5
2747,2230732,189871,5
2748,2239941,217675,5
2749,2246675,244016,5
2750,2248438,161668,5
2751,2248473,244599,5
2752,2251093,249737,5
2753,2251761,244016,5
2754,2256004,284567,5
2756,2273174,128528,5
2758,2274852,89150,5
2759,2276841,273029,5
2760,2288625,246973,5
2761,2295575,19608,5
2762,2296438,259016,5
2763,2297404,300608,5
2764,2299492,119306,5
2765,2300450,186754,5
2766,2300450,241190,5
2767,2301689,260453,5
2768,2307534,188812,5
2769,2312022,8468,5
2770,2316115,188017,5
2771,2325897,260322,5
2772,2332489,195978,5
2773,2334625,164962,5
2774,2338484,12018,5
2775,2342997,117351,5
2776,2346939,56307,5
2777,2355719,184297,5
2778,2357676,184582,5
2779,2357676,260037,5
2780,2362428,15061,5
2781,2373221,103870,5
2782,2375749,66413,5
2784,2376295,293085,5
2785,2385744,126992,5
2786,2389414,155721,5
2787,2410182,77403,5
2788,2410667,134935,5
2789,2415560,193328,5
2790,2415560,203526,5
2791,2416504,224980,5
2792,2418557,78703,5
2793,2418557,89944,5
2794,2423072,184331,5
2795,2425159,260276,5
2796,2425160,260276,5
2797,2427355,264169,5
2798,2428775,165692,5
2799,2429381,34004,5
2800,2430482,14198,5
2801,2430482,16200,5
2802,2432392,271760,5
2803,2435697,28945,5
2804,2439001,157575,5
2805,2440730,273452,5
2806,2443624,130286,5
2807,2443864,108073,5
2808,2444704,170452,5
2809,2445594,5798,5
2810,2445594,95735,5
2811,2448577,187455,5
2812,2448671,23669,5
2813,2448908,264990,5
2814,2449525,137722,5
2816,2450945,138998,5
2817,2451008,68897,5
2818,2451386,72746,5
2819,2454234,124313,5
2820,2463153,196351,5
2821,2466152,87291,5
2822,2466489,172781,5
2823,2478105,230972,5
2824,2480294,297774,5
2825,2482282,165692,5
2826,2490998,114526,5
2827,2490998,212272,5
2828,2492509,126016,5
2829,2497612,98099,5
2830,2502098,35982,5
2831,2502501,137425,5
2832,2507620,97310,5
2833,2509799,156822,5
2834,2510661,119730,5
2835,2515573,201084,5
2836,2524696,130716,5
2839,2536738,138190,5
2840,2545159,63979,5
2841,2555555,118604,5
2843,2563451,274664,5
2844,2564828,94515,5
2845,2565814,160965,5
2846,2568399,195978,5
2847,2569814,145757,5
2848,2570133,97310,5
2849,2573045,276654,5
2850,2574729,201757,5
2851,2580276,129113,5
2852,2587740,270453,5
2853,1672052,22397,6
2854,1672716,188926,6
2856,1674737,164962,6
2857,1681655,49233,6
2858,1684442,234853,6
2859,1685241,171761,6
2860,1685405,303462,6
2861,1685815,257011,6
2862,1686071,22000,6
2863,1687181,33332,6
2864,1687544,137826,6
2865,1687738,29531,6
2867,1691077,58024,6
2868,1691793,77481,6
2869,1694141,263166,6
2870,1694448,300608,6
2871,1694901,214082,6
2872,1695219,226219,6
2873,1695355,126992,6
2874,1696473,126992,6
2875,1696496,130286,6
2876,1696789,53860,6
2877,1696789,293085,6
2878,1697037,137826,6
2879,1697690,188968,6
2880,1698547,152938,6
2881,1698944,9381,6
2882,1698960,184135,6
2883,1698972,99897,6
2884,1699546,46148,6
2885,1703679,6458,6
2886,1704577,295426,6
2887,1707941,245774,6
2888,1708591,229127,6
2889,1709901,130286,6
2891,1710622,306343,6
2892,1710673,278193,6
2893,1710994,91338,6
2894,1711395,113016,6
2895,1711395,247530,6
2896,1714481,57331,6
2897,1714991,279859,6
2898,1715793,170350,6
2899,1716411,252986,6
2900,1716452,184135,6
2901,1716615,87638,6
2902,1717077,235289,6
2903,1717117,262970,6
2904,1718318,57620,6
2905,1718968,99002,6
2906,1721568,181544,6
2907,1721607,55156,6
2908,1721864,13745,6
2909,1722617,218040,6
2910,1722761,260322,6
2911,1722777,60456,6
2912,1724000,177288,6
2913,1728742,238145,6
2914,1728889,102750,6
2915,1729005,184699,6
2916,1729026,209221,6
2917,1729240,107880,6
2918,1730566,234458,6
2919,1732658,264169,6
2920,1733111,225626,6
2921,1733479,54501,6
2922,1733566,121794,6
2923,1734321,254763,6
2924,1734369,225626,6
2925,1741682,297459,6
2926,1743852,297774,6
2928,1745406,47160,6
2929,1747382,124773,6
2930,1747899,47164,6
2931,1749222,168837,6
2932,1751059,207904,6
2933,1753860,287564,6
2934,1756980,123871,6
2935,1760306,99597,6
2936,1760586,85550,6
2937,1760876,160908,6
2938,1760978,169943,6
2939,1762644,216582,6
2940,1762853,37760,6
2941,1763083,66413,6
2942,1763974,175281,6
2943,1764861,23669,6
2944,1768211,299894,6
2945,1768389,52953,6
2947,1769840,247043,6
2948,1769840,278671,6
2949,1772651,209221,6
2950,1772934,293280,6
2951,1773358,217521,6
2952,1776063,247236,6
2953,1777374,302571,6
2954,1778514,161897,6
2955,1779201,8702,6
2956,1779349,89882,6
2957,1779735,229234,6
2958,1781295,57176,6
2959,1783282,7365,6
2961,1785755,165709,6
2962,1786099,51400,6
2963,1786136,49233,6
2964,1786136,64821,6
2965,1786136,213365,6
2966,1786136,223676,6
2967,1786142,142117,6
2968,1786142,201477,6
2969,1786142,256177,6
2970,1787149,97642,6
2971,1787911,287778,6
2972,1788817,154945,6
2973,1789259,246973,6
2975,1789910,135809,6
2976,1790082,198095,6
2977,1790311,305044,6
2978,1790530,76647,6
2980,1794215,210027,6
2981,1796731,72493,6
2983,1798275,87638,6
2984,1799603,57955,6
2985,1803905,156822,6
2986,1804427,234989,6
2987,1804630,198184,6
2988,1804779,5442,6
2989,1805246,17382,6
2990,1805799,58826,6
2991,1806845,245774,6
2992,1806896,33698,6
2993,1807562,302643,6
2994,1807863,161897,6
2995,1809047,124313,6
2996,1809149,240176,6
2997,1809197,217575,6
2999,1809724,49615,6
3000,1811722,122575,6
3001,1816153,108646,6
3002,1816742,290310,6
3003,1817535,195521,6
3004,1818342,41939,6
3005,1819411,298646,6
3006,1820288,236959,6
3007,1821008,201570,6
3008,1821599,293055,6
3009,1821739,19935,6
3010,1821852,253505,6
3011,1822415,192150,6
3012,1824929,115256,6
3013,1827008,237400,6
3014,1827432,57090,6
3015,1827800,209221,6
3016,1828413,97921,6
3017,1828447,11239,6
3018,1829030,179400,6
3019,1829030,274502,6
3020,1829283,9381,6
3021,1830116,116735,6
3022,1831790,304410,6
3023,1831904,233294,6
3024,1834632,128040,6
3025,1834632,182046,6
3026,1835117,211360,6
3027,1835175,26381,6
3028,1835442,305962,6
3029,1836375,231018,6
3030,1836516,57348,6
3031,1837764,245153,6
3032,1839311,148884,6
3033,1839754,234098,6
3034,1844312,304740,6
3035,1844997,117107,6
3036,1846990,108646,6
3037,1847235,201570,6
3038,1847692,83624,6
3039,1847722,89150,6
3040,1851871,287780,6
3041,1853052,61414,6
3042,1854142,169349,6
3044,1856595,129113,6
3045,1856727,292674,6
3046,1856763,57348,6
3047,1856939,240123,6
3048,1857326,56774,6
3049,1858396,217521,6
3050,1860327,138302,6
3051,1861202,142160,6
3052,1864055,293280,6
3053,1866000,244913,6
3054,1866400,287748,6
3055,1868310,55048,6
3056,1868312,89403,6
3058,1869771,22707,6
3059,1870038,165341,6
3060,1871727,46944,6
3061,1873263,244913,6
3062,1875962,237833,6
3063,1879358,63380,6
3064,1880202,9679,6
3065,1880846,158572,6
3066,1883153,156165,6
3067,1883660,154945,6
3069,1888780,252775,6
3070,1889621,8171,6
3071,1890522,54501,6
3072,1891484,75922,6
3073,1891803,265453,6
3074,1893657,51993,6
3075,1894619,33903,6
3076,1894619,68897,6
3077,1894619,88851,6
3078,1894619,181923,6
3079,1894619,248447,6
3080,1894619,285767,6
3081,1894619,287748,6
3082,1896345,246268,6
3083,1896980,128080,6
3084,1897539,82756,6
3085,1898539,137826,6
3086,1898814,120819,6
3088,1900465,37121,6
3089,1903954,86806,6
3090,1904083,99380,6
3091,1904548,93051,6
3092,1904704,243128,6
3093,1914108,174862,6
3094,1915247,197534,6
3095,1920973,290695,6
3096,1921463,281227,6
3098,1923001,157193,6
3100,1923955,217673,6
3101,1925477,76326,6
3102,1925610,73260,6
3103,1926668,302643,6
3104,1926866,77485,6
3105,1927003,148294,6
3106,1928755,265413,6
3107,1929151,243956,6
3108,1930730,22707,6
3109,1932389,165778,6
3110,1933459,86654,6
3111,1933633,292674,6
3112,1934406,76326,6
3113,1934787,264820,6
3114,1935106,47164,6
3115,1935619,286659,6
3116,1936394,231731,6
3117,1936800,84686,6
3118,1938005,11602,6
3119,1939666,198260,6
3120,1940174,212720,6
3121,1941100,223078,6
3122,1941902,165778,6
3123,1942017,246268,6
3124,1942223,143689,6
3125,1942787,112288,6
3127,1943586,41457,6
3128,1945150,235144,6
3129,1945579,223394,6
3130,1946107,131689,6
3131,1946595,248941,6
3132,1946833,185309,6
3133,1947355,304410,6
3134,1948561,113927,6
3135,1949508,31499,6
3136,1949624,160754,6
3138,1952923,305307,6
3139,1955153,148294,6
3140,1957472,168981,6
3141,1960768,198058,6
3142,1963038,137826,6
3143,1963479,104964,6
3144,1963756,23392,6
3145,1963794,117915,6
3146,1964339,156165,6
3147,1965214,305753,6
3148,1965632,227131,6
3149,1965850,263166,6
3150,1966349,285764,6
3151,1967389,149366,6
3152,1969187,298793,6
3153,1969197,86654,6
3154,1969851,305962,6
3155,1970215,277767,6
3156,1970300,297628,6
3157,1970861,156791,6
3158,1971706,120386,6
3159,1972884,58206,6
3160,1972884,85984,6
3161,1972884,298935,6
3162,1973625,282892,6
3164,1975664,101904,6
3165,1976109,143399,6
3166,1976777,58024,6
3167,1978263,112002,6
3168,1979447,147021,6
3169,1979883,293099,6
3171,1984305,185309,6
3172,1984593,206531,6
3173,1984751,193937,6
3174,1984763,203976,6
3175,1984785,304223,6
3176,1984793,5425,6
3178,1990705,156165,6
3179,1991115,144965,6
3180,1992478,130716,6
3181,1992538,170235,6
3183,1993913,28945,6
3184,1996544,216721,6
3185,1998864,167296,6
3186,1999026,48629,6
3187,1999210,305307,6
3188,1999581,255028,6
3189,2004444,218214,6
3191,2005280,265635,6
3192,2006907,304740,6
3194,2007522,8468,6
3195,2007673,294249,6
3196,2011220,87113,6
3197,2011538,266106,6
3198,2012474,126992,6
3199,2013180,230445,6
3200,2014741,304740,6
3201,2014992,61090,6
3202,2016321,22707,6
3203,2018119,120751,6
3206,2023079,8702,6
3207,2023785,7309,6
3209,2025172,23669,6
3210,2025742,64253,6
3211,2026671,44257,6
3213,2028079,279438,6
3214,2030303,132732,6
3215,2033355,293280,6
3216,2034091,165778,6
3217,2034705,290695,6
3218,2035535,147021,6
3219,2037640,279430,6
3220,2037667,222048,6
3221,2037667,222049,6
3222,2038091,5185,6
3223,2039774,201570,6
3224,2042450,54863,6
3225,2043167,143399,6
3226,2043588,40901,6
3227,2044667,66577,6
3228,2044913,264169,6
3229,2047641,304223,6
3230,2049321,23392,6
3231,2049438,73038,6
3232,2049438,173483,6
3233,2051069,167340,6
3234,2052559,47164,6
3235,2053384,278671,6
3236,2054579,253795,6
3237,2054984,270161,6
3238,2056719,297628,6
3239,2057507,278021,6
3240,2057709,145860,6
3241,2058289,156165,6
3242,2061440,149249,6
3243,2065922,247984,6
3244,2066931,27603,6
3245,2069717,87353,6
3246,2071313,169658,6
3247,2072804,258118,6
3248,2074106,264257,6
3249,2074632,187269,6
3251,2078857,22188,6
3252,2082589,241227,6
3254,2087502,276032,6
3255,2087693,127938,6
3256,2091188,64253,6
3257,2092629,140850,6
3258,2093179,165001,6
3259,2093616,127938,6
3260,2093759,5442,6
3261,2094455,227647,6
3262,2094747,136839,6
3263,2094854,220961,6
3265,2095288,276032,6
3266,2095320,58124,6
3267,2099040,61116,6
3268,2099040,61118,6
3270,2100911,286512,6
3271,2102302,305548,6
3272,2103955,162015,6
3273,2104759,6429,6
3274,2107118,22397,6
3275,2107404,282997,6
3276,2108654,219792,6
3277,2109065,73435,6
3278,2110112,283396,6
3279,2110973,8157,6
3280,2111069,157725,6
3281,2111960,169493,6
3283,2112346,23861,6
3284,2113512,99002,6
3285,2113595,82756,6
3286,2115171,127938,6
3287,2115628,237158,6
3288,2116072,98099,6
3289,2116658,64905,6
3290,2116855,84408,6
3291,2117874,305962,6
3292,2119425,41028,6
3293,2120569,41837,6
3294,2121565,157070,6
3295,2121889,66481,6
3296,2122271,279859,6
3297,2124260,37794,6
3298,2125639,158572,6
3300,2126595,31334,6
3301,2126595,281547,6
3302,2127843,28258,6
3303,2127926,245774,6
3305,2128957,46148,6
3306,2130419,274227,6
3307,2130468,23669,6
3308,2130832,57331,6
3309,2130889,96851,6
3310,2131430,10238,6
3311,2133245,40066,6
3312,2134055,148294,6
3313,2134058,165778,6
3314,2134388,243574,6
3315,2134453,184413,6
3316,2136535,180335,6
3317,2137970,107361,6
3318,2138073,106836,6
3319,2138292,165692,6
3320,2139026,236571,6
3321,2139396,220313,6
3322,2140074,297869,6
3324,2143749,12394,6
3325,2144547,295011,6
3326,2145699,57348,6
3327,2146907,279859,6
3328,2146945,22953,6
3329,2147811,155392,6
3330,2147962,55590,6
3331,2148026,25398,6
3332,2148281,186386,6
3333,2148400,244827,6
3334,2150211,7365,6
3335,2153421,255428,6
3336,2153998,210049,6
3338,2156364,23392,6
3339,2157724,224699,6
3340,2158286,219401,6
3341,2159258,118604,6
3342,2160048,170409,6
3343,2160308,303551,6
3344,2160436,89150,6
3345,2160769,135331,6
3346,2161122,132697,6
3348,2162013,243574,6
3349,2162762,126992,6
3350,2164115,5798,6
3351,2165624,32490,6
3352,2168109,32715,6
3353,2168361,243574,6
3354,2168965,267880,6
3355,2169865,170094,6
3356,2170625,152211,6
3357,2171589,8168,6
3358,2172808,244827,6
3359,2173730,32758,6
3360,2174014,58826,6
3361,2174948,73409,6
3362,2176086,176568,6
3363,2176789,227131,6
3364,2177244,84408,6
3365,2179406,156165,6
3366,2180670,66728,6
3368,2182213,233838,6
3369,2185767,101246,6
3370,2187886,115990,6
3371,2187965,84408,6
3372,2188332,40901,6
3373,2188553,101529,6
3374,2188696,300073,6
3375,2190734,231950,6
3376,2191428,56774,6
3377,2193169,237510,6
3378,2193264,58206,6
3379,2193276,195978,6
3380,2194153,236508,6
3381,2194471,285050,6
3382,2194580,162015,6
3383,2194791,282892,6
3384,2199218,5425,6
3385,2199868,156822,6
3386,2201311,142288,6
3387,2201727,5798,6
3388,2202537,89278,6
3391,2204067,24941,6
3392,2205227,9131,6
3393,2205327,243149,6
3394,2206242,164962,6
3395,2207384,83624,6
3396,2207954,205235,6
3397,2208474,101647,6
3398,2210617,29353,6
3399,2211077,203615,6
3400,2211282,165778,6
3401,2211395,222850,6
3403,2217718,33780,6
3404,2217782,118604,6
3405,2220554,66577,6
3406,2221102,63979,6
3407,2225574,57331,6
3409,2225624,255076,6
3410,2229633,238068,6
3411,2230251,147021,6
3412,2231307,226970,6
3413,2231855,228322,6
3414,2231909,87291,6
3415,2232552,84408,6
3416,2233001,88807,6
3417,2233552,84351,6
3418,2233759,113501,6
3419,2236433,226219,6
3420,2237013,218934,6
3421,2237801,10238,6
3422,2238427,304223,6
3423,2238465,218506,6
3424,2238483,209364,6
3426,2239654,298935,6
3427,2240406,276551,6
3428,2244080,253101,6
3429,2245091,158831,6
3430,2246169,114029,6
3431,2247366,22397,6
3433,2248580,293280,6
3434,2250495,243574,6
3435,2250599,22953,6
3436,2251197,225626,6
3437,2251241,148294,6
3440,2254219,81277,6
3441,2254327,263166,6
3442,2256605,183421,6
3443,2258248,279430,6
3444,2258328,66413,6
3445,2258958,10582,6
3446,2259483,162415,6
3447,2259508,292674,6
3448,2259556,113053,6
3449,2261353,209221,6
3450,2262957,22188,6
3451,2265188,244369,6
3452,2266198,255028,6
3453,2266555,113846,6
3454,2266574,250889,6
3455,2266575,101963,6
3456,2267673,267568,6
3457,2268063,70352,6
3458,2270749,305800,6
3459,2271822,240375,6
3460,2272532,110171,6
3461,2274790,306168,6
3462,2274949,25398,6
3463,2280376,254763,6
3464,2281105,191537,6
3465,2286681,226219,6
3466,2288969,184135,6
3467,2289039,158572,6
3468,2290489,217675,6
3469,2290562,168837,6
3470,2293500,118604,6
3471,2293587,225613,6
3472,2296987,183775,6
3473,2298804,10582,6
3474,2300162,23201,6
3475,2300333,123342,6
3476,2300354,236460,6
3477,2302051,162685,6
3478,2302526,155431,6
3479,2303953,202933,6
3480,2307228,12677,6
3481,2307246,261302,6
3482,2307247,261302,6
3483,2307248,261302,6
3484,2307289,12677,6
3485,2308305,32239,6
3486,2308720,164789,6
3487,2308758,304223,6
3488,2309334,50791,6
3489,2310119,217521,6
3490,2310222,61116,6
3491,2310222,61118,6
3492,2310265,276747,6
3493,2310724,153965,6
3494,2310851,78464,6
3495,2311011,228916,6
3496,2311879,200882,6
3497,2313047,147890,6
3498,2316742,113846,6
3499,2316801,1151,6
3500,2319753,274935,6
3501,2320925,77728,6
3502,2321221,283396,6
3503,2322051,234098,6
3504,2324198,8685,6
3505,2325529,32490,6
3507,2325949,286463,6
3508,2329715,181760,6
3509,2330057,118604,6
3510,2330470,156822,6
3511,2333494,155431,6
3512,2335431,88781,6
3513,2336864,258118,6
3514,2338685,265479,6
3515,2339246,11239,6
3516,2339347,263166,6
3517,2341100,43320,6
3518,2345354,285051,6
3519,2346707,168983,6
3520,2348226,22397,6
3521,2350339,245889,6
3522,2353641,158452,6
3523,2354396,266096,6
3524,2354792,273950,6
3525,2354959,200697,6
3526,2355555,167296,6
3527,2357437,117351,6
3528,2357807,165371,6
3529,2357807,246326,6
3530,2359505,303640,6
3531,2360614,117239,6
3532,2360660,67488,6
3533,2360702,95787,6
3535,2361193,50791,6
3536,2361450,268114,6
3537,2361575,6523,6
3538,2361785,156083,6
3539,2362113,296701,6
3540,2363015,207256,6
3541,2364887,134667,6
3544,2366980,158572,6
3545,2367930,137826,6
3547,2370089,246268,6
3549,2370742,286463,6
3550,2370772,270453,6
3551,2371045,57135,6
3552,2371246,230445,6
3553,2373241,23669,6
3554,2373256,135227,6
3555,2373256,218587,6
3556,2373470,235144,6
3557,2380982,170350,6
3558,2382687,272201,6
3559,2383252,295426,6
3560,2383280,100012,6
3561,2383350,267880,6
3562,2384304,268746,6
3563,2386139,118604,6
3564,2386293,178478,6
3565,2386293,253186,6
3566,2387903,297426,6
3567,2388316,140752,6
3568,2388540,42738,6
3569,2391515,140673,6
3570,2394155,109846,6
3571,2395044,243128,6
3572,2395942,63876,6
3573,2396028,225624,6
3574,2400037,83141,6
3575,2400921,22397,6
3577,2402907,123538,6
3578,2406092,83624,6
3579,2406808,246973,6
3580,2407102,182752,6
3581,2408133,74571,6
3582,2409105,225444,6
3583,2409717,83141,6
3584,2409949,157914,6
3585,2411034,290877,6
3586,2411492,244827,6
3587,2411839,300073,6
3589,2412518,300073,6
3590,2412879,65787,6
3591,2414419,127519,6
3592,2415240,43724,6
3593,2415427,244016,6
3594,2415971,75298,6
3595,2416189,20742,6
3596,2416410,84408,6
3597,2417211,248335,6
3598,2418562,25470,6
3599,2418704,86654,6
3600,2418726,304223,6
3601,2419706,109378,6
3602,2420761,260322,6
3603,2420795,246973,6
3604,2421550,165341,6
3605,2421643,54501,6
3606,2421720,103623,6
3607,2422513,85923,6
3608,2422979,212259,6
3609,2423044,124313,6
3610,2423061,102984,6
3611,2423104,250260,6
3612,2423315,121203,6
3613,2423437,85387,6
3614,2423557,98451,6
3615,2424563,297774,6
3616,2425205,104964,6
3617,2425222,49834,6
3618,2425640,111178,6
3619,2425936,108073,6
3620,2428555,89872,6
3621,2428578,197643,6
3623,2429253,293280,6
3624,2429270,69968,6
3625,2429271,132732,6
3626,2429495,185342,6
3627,2430658,143689,6
3628,2430959,244827,6
3629,2431294,247289,6
3630,2432285,164694,6
3631,2432757,217675,6
3632,2434963,64003,6
3633,2435197,84686,6
3634,2435972,170350,6
3635,2435997,139411,6
3636,2437434,126992,6
3637,2437728,85984,6
3638,2437728,88851,6
3639,2437728,166993,6
3640,2437728,298935,6
3641,2437803,199043,6
3642,2438101,99447,6
3643,2438272,87113,6
3644,2438866,41508,6
3645,2439154,66373,6
3646,2439616,89882,6
3647,2440155,110667,6
3648,2440247,85550,6
3649,2441467,89150,6
3650,2442666,226219,6
3651,2443099,12251,6
3652,2443655,235289,6
3653,2443779,155431,6
3654,2444128,151499,6
3655,2445189,293997,6
3656,2445248,91135,6
3657,2446143,73435,6
3658,2446203,290310,6
3660,2446421,96927,6
3661,2447027,130820,6
3662,2447082,4164,6
3663,2447163,152273,6
3664,2447248,223078,6
3665,2448078,157045,6
3666,2449148,27802,6
3667,2449330,290764,6
3668,2449449,131749,6
3669,2449498,246973,6
3670,2449530,33698,6
3671,2450102,73435,6
3673,2452719,211360,6
3674,2452983,84408,6
3675,2453314,295426,6
3676,2453747,285764,6
3677,2453777,117239,6
3678,2456218,96982,6
3679,2456265,157575,6
3680,2456443,15725,6
3681,2456443,80286,6
3682,2456585,219792,6
3683,2456637,88781,6
3686,2460382,89713,6
3687,2461289,158572,6
3688,2461549,62029,6
3689,2461650,275373,6
3690,2466916,40070,6
3691,2467141,103623,6
3692,2468205,40070,6
3693,2469075,264810,6
3694,2469815,98528,6
3697,2470575,63380,6
3698,2471102,275373,6
3699,2471217,37951,6
3700,2472292,126992,6
3701,2473304,197327,6
3702,2473585,238068,6
3703,2474783,301461,6
3704,2475195,123538,6
3705,2475387,185400,6
3706,2475680,255514,6
3707,2475682,130820,6
3708,2476422,110012,6
3709,2476484,119730,6
3710,2476750,243574,6
3711,2477259,246128,6
3712,2479029,252879,6
3714,2480359,181129,6
3715,2480499,169820,6
3716,2480924,305444,6
3717,2481424,137907,6
3718,2482876,266058,6
3719,2483519,76326,6
3720,2484082,218934,6
3721,2485013,169349,6
3722,2485163,119730,6
3723,2485547,297426,6
3724,2485620,264855,6
3725,2485971,54863,6
3726,2487055,144644,6
3727,2487095,174935,6
3729,2488034,228356,6
3730,2488227,137348,6
3731,2489627,164962,6
3732,2489677,61657,6
3733,2490074,54512,6
3734,2490779,294759,6
3735,2490945,12720,6
3736,2491016,235576,6
3737,2491020,79752,6
3738,2491493,217675,6
3739,2491802,110316,6
3741,2493094,258197,6
3742,2493184,11566,6
3743,2493193,229447,6
3744,2493503,288638,6
3745,2494910,73435,6
3746,2494924,292674,6
3747,2496840,217675,6
3748,2498040,222324,6
3749,2499368,217675,6
3750,2499704,35892,6
3751,2499854,54134,6
3752,2501343,47160,6
3753,2502334,246268,6
3754,2503124,187987,6
3755,2504464,196583,6
3756,2504469,39629,6
3757,2504794,271339,6
3758,2505183,219877,6
3759,2505515,50691,6
3760,2506826,5442,6
3761,2508085,237529,6
3763,2517391,111155,6
3764,2517415,140850,6
3765,2517416,140850,6
3766,2521986,217610,6
3767,2522447,86654,6
3769,2522618,63214,6
3771,2522948,142160,6
3772,2525819,200882,6
3773,2528355,157070,6
3774,2529538,216202,6
3775,2532812,86945,6
3776,2533625,43320,6
3777,2536827,12720,6
3778,2537109,107880,6
3779,2537793,175792,6
3780,2538575,183873,6
3781,2542878,113846,6
3782,2543337,128080,6
3784,2547971,85424,6
3785,2551701,234788,6
3786,2554699,101246,6
3787,2557229,119730,6
3788,2560564,297628,6
3789,2561165,244358,6
3790,2562411,290612,6
3791,2562422,4164,6
3792,2562822,304410,6
3793,2563410,109378,6
3794,2563697,255779,6
3795,2564560,236355,6
3796,2564953,170094,6
3797,2566895,195047,6
3798,2567890,198184,6
3799,2571171,296617,6
3800,2573677,198184,6
3801,2574730,297628,6
3802,2576852,122298,6
3803,2578346,301900,6
3804,2581228,304740,6
3805,2581836,21249,6
3806,2585064,124781,6
3808,1679920,209002,7
3809,1693341,56774,7
3810,1693345,237473,7
3811,1693346,111350,7
3812,1693347,252439,7
3813,1715186,247236,7
3814,1717910,271407,7
3815,1722776,85889,7
3816,1724190,151963,7
3817,1725437,156102,7
3818,1727017,237833,7
3819,1728802,209221,7
3820,1750728,226096,7
3821,1757485,190139,7
3822,1777932,27051,7
3823,1778025,158966,7
3824,1778413,190552,7
3825,1781274,226096,7
3826,1781303,83624,7
3827,1788624,293997,7
3828,1788636,298793,7
3829,1794772,58769,7
3830,1802055,234458,7
3831,1802058,53258,7
3832,1802676,155392,7
3833,1802677,246973,7
3834,1804898,112522,7
3835,1804923,187534,7
3836,1804923,254160,7
3837,1805225,64003,7
3838,1815901,119790,7
3839,1815914,150683,7
3840,1815915,21466,7
3841,1816171,140837,7
3842,1816175,220029,7
3843,1816176,117299,7
3844,1829152,258438,7
3845,1838568,65543,7
3846,1840524,195780,7
3847,1840882,271407,7
3848,1846390,119017,7
3849,1846390,271025,7
3850,1856325,200697,7
3851,1857496,66071,7
3852,1881802,200981,7
3853,1881868,20504,7
3854,1890515,34623,7
3855,1890515,89713,7
3856,1890516,85387,7
3857,1898971,120667,7
3858,1923165,7366,7
3859,1925449,28945,7
3860,1927004,92399,7
3861,1927021,139740,7
3862,1938142,298619,7
3863,1949502,293997,7
3864,1950466,269416,7
3865,1951984,58545,7
3866,1951988,185309,7
3867,1951989,185309,7
3868,1951990,35749,7
3869,1951991,114337,7
3870,1951993,262584,7
3871,1952001,305385,7
3872,1974724,237529,7
3873,1976454,255033,7
3874,1984278,41939,7
3875,1984283,161376,7
3876,1984284,205903,7
3877,1984320,234930,7
3878,1984323,289553,7
3879,1984372,46277,7
3880,1993850,67251,7
3881,1994073,224526,7
3882,1994414,16692,7
3883,1994419,257600,7
3884,1994419,300544,7
3885,2002121,82756,7
3886,2002121,169493,7
3887,2002121,281227,7
3888,2008297,173999,7
3889,2010811,43728,7
3890,2010812,169676,7
3891,2012514,189043,7
3892,2017615,97595,7
3893,2018491,43728,7
3894,2018634,40434,7
3895,2019451,173766,7
3896,2020617,19104,7
3897,2027057,19104,7
3898,2028238,75785,7
3899,2032839,41939,7
3900,2035079,9836,7
3901,2038757,132732,7
3902,2039701,253187,7
3903,2042417,10450,7
3904,2048384,179557,7
3905,2048622,268114,7
3906,2096283,19104,7
3907,2096850,233547,7
3908,2097603,9314,7
3909,2106723,58613,7
3910,2116708,36926,7
3911,2117546,111867,7
3912,2127563,118604,7
3913,2127575,120667,7
3914,2136104,16692,7
3915,2157118,244827,7
3916,2174775,65543,7
3917,2191929,289590,7
3918,2205117,37677,7
3919,2207291,56774,7
3921,2210196,233838,7
3922,2210519,242345,7
3923,2216640,38755,7
3924,2216640,39702,7
3925,2216640,56497,7
3926,2216640,142318,7
3927,2216640,164591,7
3928,2216642,192717,7
3930,2247913,15640,7
3931,2252158,90893,7
3932,2253441,219182,7
3933,2257031,151499,7
3934,2257906,55402,7
3935,2258068,46277,7
3936,2262428,54863,7
3937,2263106,298793,7
3938,2267777,120667,7
3939,2267780,96927,7
3940,2267781,251536,7
3941,2278576,165740,7
3942,2278585,29445,7
3943,2280097,118604,7
3944,2280098,282892,7
3945,2280125,88848,7
3946,2280126,212990,7
3947,2281160,297566,7
3948,2285138,106015,7
3949,2285139,14663,7
3951,2291903,25398,7
3952,2292470,101320,7
3953,2293483,19104,7
3954,2296145,206521,7
3955,2298717,217521,7
3956,2307985,99873,7
3957,2327746,56774,7
3958,2327747,56774,7
3959,2338375,118604,7
3960,2353900,162449,7
3961,2354219,118102,7
3962,2354438,94214,7
3963,2361778,255127,7
3964,2363269,88650,7
3965,2370472,118604,7
3966,2374584,288883,7
3967,2375093,144644,7
3968,2377049,215462,7
3969,2377173,96851,7
3970,2387087,56774,7
3971,2393876,58432,7
3972,2395953,10450,7
3973,2402836,278538,7
3974,2407577,234788,7
3975,2409655,218785,7
3976,2410686,295332,7
3977,2413168,118604,7
3978,2413799,193787,7
3979,2413799,268283,7
3980,2413948,71606,7
3981,2413948,301590,7
3982,2414400,297774,7
3983,2415512,103481,7
3984,2419930,191479,7
3985,2424038,233838,7
3986,2425835,85387,7
3987,2430234,89882,7
3988,2430236,26695,7
3989,2430810,232620,7
3990,2431715,231099,7
3991,2432424,14569,7
3992,2433612,197327,7
3993,2433613,57348,7
3994,2433626,288988,7
3995,2433734,41939,7
3996,2434036,34642,7
3997,2436084,138603,7
3998,2436288,5798,7
3999,2440732,297774,7
4000,2441559,30343,7
4001,2441559,50572,7
4002,2443201,60979,7
4003,2444642,50791,7
4004,2446984,138603,7
4005,2447114,41969,7
4006,2447114,202441,7
4007,2450038,157523,7
4008,2456021,118604,7
4009,2457234,54863,7
4010,2460402,101035,7
4011,2460404,154648,7
4012,2463624,70986,7
4013,2466743,45868,7
4014,2466743,133424,7
4015,2466743,150640,7
4016,2466743,247690,7
4017,2470056,205014,7
4018,2470769,250889,7
4019,2472244,124171,7
4020,2473007,119622,7
4021,2477894,148294,7
4022,2481584,87006,7
4023,2482401,90038,7
4024,2484852,199280,7
4025,2485015,41939,7
4026,2485041,113501,7
4027,2485041,201065,7
4028,2485831,43728,7
4029,2495820,71639,7
4030,2497412,119790,7
4031,2509643,118604,7
4032,2510141,118604,7
4033,2523180,158966,7
4034,2537704,26617,7
4035,2537710,205993,7
4036,2547352,230007,7
4037,2547353,41939,7
4038,2577428,200079,7
4039,1677472,177966,8
4040,1678036,124171,8
4041,1715253,111907,8
4042,1724201,185400,8
4044,1730457,75955,8
4045,1736211,212008,8
4046,1748317,71009,8
4047,1756768,285051,8
4048,1771672,294206,8
4049,1781603,158595,8
4050,1787428,7387,8
4052,1816182,154885,8
4053,1820147,136899,8
4056,1849147,220729,8
4057,1852976,280348,8
4058,1856252,31499,8
4059,1870751,166791,8
4060,1878227,292153,8
4061,1898323,247513,8
4062,1899880,238240,8
4063,1918312,165692,8
4064,1939754,158089,8
4065,1946562,118604,8
4066,1949526,196638,8
4067,1976610,143399,8
4068,1988142,92396,8
4069,1996888,21574,8
4070,1998849,157523,8
4071,2003869,95047,8
4072,2010567,139411,8
4073,2010591,139411,8
4077,2042409,101300,8
4078,2075122,207256,8
4079,2127886,184259,8
4080,2130342,212245,8
4085,2165666,185400,8
4086,2183622,171761,8
4087,2185038,236779,8
4088,2192733,12945,8
4089,2192733,267791,8
4092,2232255,29481,8
4093,2242954,244827,8
4094,2244550,150200,8
4095,2244550,150201,8
4096,2246004,303652,8
4097,2257901,55402,8
4098,2278340,269545,8
4099,2281612,303590,8
4100,2292109,211002,8
4101,2293416,118604,8
4102,2307071,197327,8
4103,2316009,118604,8
4104,2359470,242209,8
4105,2359470,257600,8
4106,2359625,32371,8
4107,2360397,270453,8
4108,2364486,162415,8
4109,2364949,85889,8
4110,2410977,244218,8
4111,2416139,19702,8
4112,2418525,254988,8
4113,2424777,57348,8
4114,2433700,53599,8
4115,2435509,269400,8
4116,2440733,28822,8
4117,2441791,201462,8
4118,2443403,247289,8
4119,2454098,56545,8
4120,2459443,287198,8
4122,2462304,210963,8
4123,2462595,217521,8
4124,2469755,295005,8
4125,2480764,255127,8
4126,2481636,33849,8
4127,2485237,237428,8
4128,2487295,233572,8
4130,2494814,30642,8
4131,2503342,177716,8
4132,2504015,263139,8
4133,2521652,97642,8
4134,2522004,165692,8
4135,2533425,59933,8
4136,2544531,118604,8
4137,2570825,265215,8
4138,2572478,149311,8
4141,2591814,57348,8
