movie_id,year,isEnglish,country,runningtime
1672052,3,1,3,2
1672111,4,1,3,2
1672580,4,1,2,3
1672716,4,1,2,2
1672946,4,1,2,0
1673658,4,1,2,2
1673848,4,1,2,2
1674388,4,1,2,2
1674737,3,1,2,2
1677011,4,1,2,2
1677258,3,0,0,1
1677346,4,1,2,1
1677472,1,1,2,1
1677516,4,1,2,2
1677631,3,1,2,3
1678036,3,1,2,3
1678591,4,1,1,2
1679029,4,1,2,2
1679461,4,1,2,1
1679507,4,1,2,1
1679920,4,0,3,2
1681633,4,1,2,3
1681655,4,1,2,2
1682630,3,0,2,1
1682657,4,1,2,1
1682692,4,1,2,2
1682746,4,1,1,3
1682922,4,1,2,3
1684201,4,1,2,2
1684430,4,1,2,3
1684442,4,1,2,1
1684486,4,1,2,1
1685241,2,1,2,1
1685309,3,1,2,1
1685405,4,1,2,3
1685463,3,1,1,3
1685493,4,1,1,1
1685815,4,1,2,2
1686071,4,1,3,2
1686209,2,1,2,2
1687181,4,1,2,2
1687191,1,1,2,0
1687544,3,1,2,3
1687685,4,1,2,2
1687730,4,1,2,2
1687738,2,1,2,1
1687905,4,1,2,3
1688103,4,1,2,2
1689117,4,1,3,1
1689183,4,1,2,1
1689210,4,1,1,1
1689263,4,1,2,1
1689475,3,1,1,1
1690318,4,1,2,1
1690377,3,1,1,3
1690616,4,1,2,3
1690773,4,1,1,2
1691077,4,1,2,2
1691387,4,1,2,2
1691642,3,1,1,3
1691685,4,1,3,2
1691793,4,1,2,3
1692173,4,1,3,3
1692404,4,1,2,1
1692580,4,1,1,1
1693225,4,1,2,1
1693305,3,1,1,3
1693341,3,1,2,1
1693345,4,1,2,2
1693346,4,1,2,2
1693347,4,1,2,1
1693348,4,1,2,1
1693818,4,1,2,2
1693861,4,1,2,2
1693880,4,1,2,3
1694141,2,1,2,3
1694448,4,1,1,3
1694647,4,1,2,1
1694901,3,1,2,3
1695219,4,1,2,3
1695355,4,1,1,3
1696148,4,1,0,3
1696165,4,1,2,2
1696168,4,1,2,1
1696396,4,1,2,2
1696473,4,1,0,3
1696496,3,1,2,2
1696789,2,1,2,3
1697037,2,1,2,3
1697674,4,1,2,2
1697690,4,1,2,2
1697856,4,1,2,3
1698492,4,1,2,1
1698547,3,1,2,1
1698667,4,1,1,3
1698944,4,1,2,2
1698960,2,1,2,3
1698972,4,1,2,2
1699546,1,0,2,1
1699876,4,1,1,3
1703410,4,1,3,2
1703469,4,1,2,3
1703588,4,1,2,2
1703679,4,0,3,3
1703907,4,1,2,3
1704569,4,1,2,1
1704571,4,1,2,1
1704577,2,1,2,3
1704645,4,1,1,2
1705196,4,1,2,1
1705417,4,1,2,2
1706079,4,1,2,1
1706140,4,1,2,2
1706887,4,1,2,1
1707277,4,1,2,2
1707941,4,1,2,3
1708591,4,1,2,1
1708982,4,1,2,3
1709238,3,1,2,3
1709892,4,1,2,1
1709901,4,1,2,2
1710622,3,0,3,2
1710673,4,0,3,3
1710994,4,0,3,3
1711133,4,1,2,3
1711143,4,1,2,2
1711145,4,1,2,1
1711175,4,1,2,3
1711356,4,1,2,1
1711383,3,1,2,1
1711384,3,1,2,1
1711393,3,1,2,3
1711395,3,1,2,3
1711398,3,1,2,2
1712152,4,0,3,3
1713183,4,1,2,1
1713499,4,1,2,2
1713755,4,1,2,2
1714481,2,1,2,2
1714991,4,0,0,3
1715025,2,1,2,1
1715186,3,1,2,3
1715253,4,1,2,1
1715288,4,1,2,1
1715380,4,1,2,3
1715404,4,1,2,3
1715607,4,1,2,3
1715793,2,1,2,3
1716019,4,1,3,1
1716020,4,1,2,1
1716411,4,1,2,1
1716452,2,1,2,3
1716615,3,1,2,3
1717077,2,1,2,3
1717117,4,1,2,2
1717144,4,1,2,1
1717455,4,1,2,2
1717910,3,1,2,1
1718318,4,1,2,3
1718342,4,1,2,1
1718968,3,0,0,2
1719502,3,1,2,3
1720040,3,1,2,3
1720443,4,1,2,2
1721568,4,1,2,3
1721607,4,1,1,1
1721750,4,1,2,2
1721864,4,1,2,3
1721888,3,1,2,3
1721919,3,1,2,3
1721967,4,1,2,3
1722098,4,1,2,2
1722164,4,1,2,1
1722174,4,1,2,1
1722181,3,1,2,2
1722198,4,1,2,2
1722327,4,1,2,2
1722395,4,1,0,1
1722617,4,0,3,1
1722761,4,1,2,3
1722776,3,1,2,2
1722777,3,1,3,2
1723002,4,1,1,1
1723532,4,1,2,2
1724000,3,1,2,3
1724037,4,1,2,1
1724179,4,1,2,1
1724180,4,1,2,1
1724190,3,1,1,2
1724193,4,1,1,2
1724201,2,1,2,3
1724413,4,1,1,3
1724880,4,1,1,2
1725437,4,0,3,1
1725774,4,1,2,1
1726761,4,1,2,2
1726934,4,1,2,1
1727017,4,0,3,2
1727082,3,1,2,3
1727237,2,1,2,3
1727348,4,1,2,2
1727413,3,1,1,1
1727885,4,1,2,1
1728742,4,1,3,2
1728802,4,1,2,3
1728889,2,1,2,2
1728948,2,1,2,3
1729005,4,1,2,2
1729026,4,1,2,3
1729240,4,1,2,3
1729260,4,1,2,2
1729569,4,1,2,1
1729818,3,1,2,2
1730457,1,1,1,0
1730566,4,1,2,2
1730640,4,1,2,3
1730836,4,1,1,3
1730975,3,1,2,1
1731412,4,1,2,2
1731505,2,1,1,1
1731582,4,1,2,2
1732344,4,0,3,2
1732496,4,1,2,1
1732658,4,1,2,3
1732858,4,1,2,3
1733111,3,0,3,3
1733479,3,1,2,3
1733566,4,1,2,3
1734162,4,1,2,1
1734321,4,1,2,3
1734369,3,0,3,2
1734803,4,1,2,2
1735791,4,1,2,2
1736211,4,1,2,3
1736268,4,1,2,3
1736362,4,1,2,1
1736592,4,1,2,2
1736794,4,1,2,3
1737340,2,1,2,3
1737713,4,0,3,2
1737766,3,1,2,2
1738481,4,1,2,3
1740732,4,1,2,2
1740752,4,1,2,3
1740811,3,1,2,1
1741487,4,1,3,1
1741682,4,1,2,3
1742509,3,1,3,2
1743028,3,1,2,1
1743689,3,0,3,2
1743852,3,1,2,3
1744178,4,1,1,1
1744391,3,1,2,3
1744809,4,1,2,1
1744811,4,1,2,1
1745406,4,1,2,2
1745530,3,1,2,1
1746382,4,1,2,3
1746829,4,1,2,3
1747382,4,0,3,2
1747494,4,1,2,1
1747545,4,1,1,1
1747649,4,1,2,2
1747899,4,0,3,3
1748196,4,1,3,1
1748219,4,1,3,2
1748315,2,1,2,1
1748317,3,1,2,2
1748754,4,1,2,2
1748996,4,1,2,1
1749026,4,1,2,2
1749222,4,0,3,1
1749247,3,1,2,2
1749438,1,1,2,0
1749683,4,1,2,2
1749731,4,1,2,3
1749735,4,1,2,2
1749737,4,1,2,3
1749806,4,1,1,2
1749891,4,1,2,3
1750364,4,1,2,3
1750424,4,1,2,2
1750510,4,1,2,2
1750660,4,1,2,2
1750728,4,1,2,1
1750816,4,1,3,2
1751059,4,0,3,1
1751071,3,1,2,1
1751872,4,1,3,3
1753266,4,1,2,1
1753348,2,1,2,1
1753400,4,1,2,3
1753578,3,1,2,1
1753695,4,1,2,2
1753837,4,0,3,3
1753860,4,0,3,3
1754754,4,0,2,2
1754799,4,1,2,2
1754884,3,1,0,2
1755112,4,1,2,2
1755524,3,1,2,2
1755813,4,1,3,1
1756051,4,1,3,1
1756391,3,1,1,3
1756768,4,1,2,3
1756902,4,1,2,2
1756980,4,1,2,2
1757342,4,1,2,3
1757347,4,1,2,3
1757367,4,1,2,3
1757378,4,1,2,3
1757423,4,1,2,1
1757485,4,1,2,1
1757698,3,1,2,2
1757893,4,1,2,3
1758003,1,1,2,1
1758767,3,1,2,2
1758856,4,1,1,1
1759189,2,1,1,1
1759448,4,1,2,3
1759573,4,1,2,3
1759654,4,1,1,2
1759685,4,1,1,1
1759736,1,1,2,0
1759851,4,1,2,1
1759983,4,1,2,1
1760306,4,1,2,1
1760386,3,1,2,3
1760449,4,1,1,2
1760586,4,1,3,2
1760752,4,1,2,1
1760876,4,1,2,2
1760927,4,1,2,2
1760978,4,0,3,3
1762161,4,1,1,3
1762174,4,1,2,3
1762229,3,1,2,3
1762644,4,1,2,2
1762654,3,1,2,2
1762853,3,0,0,2
1763019,4,1,3,2
1763083,4,1,2,3
1763465,3,1,2,3
1763653,3,1,2,1
1763877,3,1,2,1
1763883,4,1,2,1
1763910,4,1,2,2
1763974,4,1,1,2
1764861,4,1,3,1
1765082,4,1,2,1
1765108,4,1,2,1
1765164,4,1,2,1
1765347,4,1,2,1
1765652,4,1,2,3
1765787,4,1,2,1
1765789,4,1,2,1
1765811,4,1,2,2
1765827,4,1,3,2
1766407,4,1,2,2
1766427,4,1,2,1
1766849,4,1,1,2
1766884,3,1,2,0
1767110,4,1,2,2
1767151,3,1,2,3
1767537,4,1,1,2
1768211,4,0,3,2
1768389,4,1,2,3
1768698,4,1,2,3
1769145,4,1,2,1
1769408,4,1,2,1
1769766,4,1,2,2
1769840,4,1,2,2
1770285,4,1,2,2
1770807,3,1,2,2
1771528,4,1,2,1
1771672,4,1,3,1
1771673,4,1,2,1
1772092,4,1,2,1
1772500,4,1,2,3
1772651,3,1,2,3
1772934,4,1,3,3
1773358,4,1,0,3
1773436,4,1,2,1
1773944,4,1,2,1
1774349,4,1,2,1
1775245,4,1,2,1
1775382,4,1,2,1
1775563,1,1,1,0
1775747,3,1,2,2
1775854,2,1,1,1
1776052,4,1,2,3
1776063,3,1,2,3
1776173,3,1,2,2
1776338,4,1,2,1
1776407,4,1,2,3
1776556,3,1,2,1
1776732,4,1,2,2
1776893,4,1,2,1
1777297,4,1,2,2
1777374,4,1,3,2
1777932,3,1,2,1
1778025,3,1,2,1
1778258,3,1,2,2
1778411,4,1,2,2
1778413,3,1,3,2
1778514,2,1,2,2
1778536,4,1,2,1
1778697,4,1,2,1
1778699,4,1,2,1
1779176,4,1,2,3
1779201,3,1,1,3
1779349,4,1,2,2
1779361,3,1,2,3
1779474,3,1,2,2
1779735,4,1,2,2
1779757,4,1,2,1
1779835,4,1,2,3
1779868,4,1,2,1
1779914,2,1,2,1
1780022,4,1,2,3
1780595,4,1,2,2
1780992,4,0,3,2
1781241,3,1,2,3
1781274,4,1,2,1
1781295,4,1,2,2
1781303,4,1,2,1
1781518,4,1,2,3
1781597,4,1,2,3
1781603,3,1,2,1
1783029,3,1,2,3
1783282,4,1,2,3
1783500,4,1,2,3
1783641,4,1,2,1
1783685,4,1,2,1
1783892,4,1,2,1
1784206,4,1,2,2
1784275,2,1,2,2
1784416,3,1,2,1
1784663,3,0,3,0
1784877,4,1,2,1
1785170,4,1,2,2
1785251,4,1,2,3
1785265,3,1,2,3
1785529,4,1,2,2
1785755,4,1,2,2
1786099,4,1,2,1
1786124,4,1,2,3
1786136,4,1,2,1
1786142,4,1,2,1
1786183,4,1,2,1
1786236,4,1,2,3
1786413,4,1,2,2
1786566,4,1,3,2
1786921,4,1,1,2
1787090,4,1,2,3
1787149,4,1,1,3
1787428,2,1,3,1
1787511,3,1,2,3
1787525,4,1,2,3
1787603,3,1,2,2
1787911,4,1,3,3
1788165,3,1,2,2
1788314,4,1,2,1
1788621,4,1,3,1
1788624,2,1,2,1
1788628,4,1,2,2
1788636,2,1,2,1
1788817,2,1,1,1
1789015,4,1,2,2
1789145,4,1,2,2
1789259,4,1,2,3
1789269,2,1,2,2
1789692,4,1,2,3
1789747,4,1,2,3
1789910,4,1,2,2
1790007,4,1,2,2
1790082,4,1,3,1
1790311,4,1,2,1
1790523,3,1,2,3
1790530,1,0,3,1
1790753,3,1,1,2
1790780,4,1,2,3
1790984,4,1,1,2
1791085,4,1,2,2
1792102,3,1,2,2
1792218,2,1,2,1
1792281,4,0,3,1
1792349,4,1,2,1
1792523,4,1,3,2
1792625,4,1,2,3
1792713,4,1,2,1
1793297,4,1,2,2
1793433,4,1,2,1
1793451,4,1,2,2
1793604,4,1,2,2
1794215,4,0,3,2
1794255,4,1,2,2
1794772,3,1,2,3
1795157,4,1,2,1
1795427,3,1,2,1
1795631,4,1,2,1
1795698,3,1,2,3
1795997,4,1,1,1
1796704,4,1,2,2
1796731,4,0,0,2
1797365,3,1,3,3
1797386,4,0,3,1
1798275,3,1,2,3
1798372,4,1,2,1
1798632,3,1,2,2
1799339,4,1,2,1
1799603,4,0,3,1
1801311,4,1,2,2
1801574,4,1,2,1
1801936,3,1,1,2
1802055,4,1,2,2
1802058,4,1,2,1
1802287,3,0,3,1
1802676,3,1,2,2
1802677,4,1,2,3
1803115,2,1,1,3
1803357,4,1,1,2
1803905,4,1,1,1
1803921,4,1,3,2
1804232,4,1,2,3
1804427,3,0,0,3
1804484,4,1,1,1
1804630,3,1,2,2
1804779,4,0,0,2
1804898,3,1,2,1
1804923,4,1,2,1
1804924,4,1,2,1
1804925,4,1,2,1
1804947,4,0,3,2
1805163,4,1,2,1
1805225,3,1,2,2
1805246,4,1,2,2
1805273,4,1,1,3
1805799,2,1,2,2
1806151,4,1,2,3
1806217,4,1,2,2
1806794,3,1,2,2
1806845,3,1,2,3
1806896,3,1,2,2
1806914,4,1,2,1
1806940,4,1,3,1
1807303,4,1,2,3
1807444,4,1,2,1
1807562,4,1,2,3
1807863,2,1,2,3
1808298,4,1,0,1
1808524,4,1,2,3
1808813,4,1,2,1
1809047,4,1,2,3
1809149,4,0,3,3
1809197,4,1,1,3
1809724,4,0,0,3
1809864,4,0,0,1
1809984,4,1,2,2
1809998,4,1,2,2
1810092,4,1,2,1
1811382,4,0,3,2
1811626,3,1,2,3
1811722,3,1,1,3
1812202,3,1,2,1
1812255,3,1,2,1
1812450,4,1,2,2
1812490,4,1,2,3
1813663,4,1,2,1
1815267,4,1,1,1
1815901,4,1,2,1
1815914,4,1,2,1
1815915,4,1,1,1
1816153,4,1,2,3
1816171,3,1,2,1
1816175,4,1,2,1
1816176,4,1,2,1
1816182,3,1,1,1
1816238,4,1,3,2
1816379,4,1,2,2
1816691,3,1,2,3
1816742,4,1,0,2
1817535,3,1,2,1
1817898,4,1,2,1
1818342,3,1,2,3
1818562,4,1,2,2
1819155,4,1,2,2
1819411,4,0,3,2
1819870,3,0,3,3
1820147,4,0,3,2
1820288,2,1,2,3
1820400,2,1,2,1
1821008,4,1,3,2
1821229,4,1,1,1
1821599,2,1,2,3
1821619,4,1,2,2
1821739,4,1,2,3
1821769,2,1,2,1
1821807,4,1,2,3
1821852,4,1,3,3
1821917,4,1,2,2
1822415,4,1,2,2
1822607,3,1,2,2
1822639,3,1,2,1
1822675,4,1,2,2
1823008,4,1,3,2
1823101,4,1,2,2
1823223,4,1,2,3
1823361,4,1,2,2
1823486,4,1,3,3
1823740,4,1,2,3
1823753,4,1,1,2
1823865,3,1,2,3
1824615,4,1,2,2
1824623,4,1,2,2
1824685,3,0,0,1
1824923,4,1,2,3
1824929,1,1,2,1
1825343,4,1,2,3
1825348,4,1,2,3
1826286,4,1,2,1
1826962,3,1,2,1
1827008,4,1,2,3
1827432,3,1,2,3
1827800,4,1,2,3
1828055,4,0,3,3
1828413,3,1,2,3
1828447,3,1,2,3
1828716,4,1,2,1
1829030,3,1,2,1
1829152,3,1,2,2
1829153,4,1,2,2
1829283,4,0,3,3
1829882,4,1,2,3
1830096,3,1,2,3
1830116,4,1,2,1
1830497,4,1,3,1
1830531,3,1,1,1
1830564,4,1,2,1
1831084,4,1,2,2
1831363,3,1,2,1
1831593,4,1,2,3
1831790,4,1,2,3
1831904,4,0,0,3
1832668,3,1,2,1
1832720,4,1,2,3
1832832,3,1,2,3
1832852,4,1,2,2
1832872,4,1,2,1
1832956,4,1,2,3
1833143,4,1,2,1
1833175,4,1,2,3
1833995,4,1,2,3
1834154,4,0,3,1
1834266,4,1,3,2
1834632,4,1,0,3
1835117,3,1,2,2
1835175,4,1,3,3
1835296,3,0,0,3
1835442,4,1,2,3
1835618,4,1,1,2
1836147,4,1,2,2
1836375,4,1,2,3
1836516,4,1,3,2
1836984,4,1,2,3
1837323,4,1,1,1
1837340,2,1,2,1
1837467,3,1,2,3
1837469,4,1,2,1
1837764,4,1,2,2
1837962,4,1,2,2
1837991,4,1,2,2
1838160,4,1,2,3
1838360,4,1,3,2
1838411,4,0,3,3
1838481,4,1,3,2
1838568,4,0,3,1
1838619,4,1,2,3
1838773,3,1,1,3
1838850,2,1,2,1
1839137,4,1,0,1
1839311,4,1,2,2
1839442,4,1,2,3
1839754,4,1,3,2
1840524,4,1,3,1
1840882,3,1,2,1
1841896,4,1,2,1
1842580,3,1,2,2
1842584,4,1,2,3
1843039,4,0,0,3
1843756,4,1,2,2
1843757,4,1,2,2
1844312,4,0,3,3
1844854,2,1,2,1
1844997,4,1,2,1
1845075,4,0,3,3
1846390,3,1,2,2
1846990,4,1,2,3
1847035,4,1,2,2
1847048,4,1,3,3
1847051,4,1,2,2
1847080,4,1,2,3
1847235,4,1,3,1
1847595,4,1,2,3
1847692,4,1,2,2
1847699,4,1,2,1
1847722,4,1,2,3
1847739,4,1,2,2
1848628,4,1,2,2
1848859,3,1,2,1
1849147,4,1,3,3
1849156,2,1,2,1
1850182,3,0,3,3
1851750,4,0,3,1
1851871,4,0,3,3
1852854,4,1,2,2
1852976,3,1,2,1
1853052,4,1,2,3
1853104,4,1,2,3
1853531,2,1,2,3
1854045,4,1,2,3
1854142,3,1,2,1
1854166,4,1,2,2
1854233,4,1,2,2
1856252,4,1,2,2
1856325,4,1,3,2
1856595,4,1,2,3
1856608,4,1,1,3
1856613,4,1,2,2
1856672,3,1,2,1
1856727,4,1,2,3
1856731,4,1,2,3
1856763,4,1,3,3
1856939,4,1,2,1
1857326,4,1,2,1
1857496,4,1,2,1
1857769,4,1,2,3
1857796,4,1,2,1
1858038,4,1,2,2
1858357,3,1,2,1
1858361,4,1,2,1
1858362,4,1,2,2
1858363,3,1,2,1
1858364,4,1,2,1
1858396,4,1,1,2
1858463,4,1,3,2
1859092,4,1,2,2
1859351,4,1,2,2
1859542,4,1,2,2
1859617,4,1,2,3
1859753,4,0,2,2
1860181,4,1,2,3
1860327,4,1,2,1
1860806,4,0,0,2
1861004,3,1,2,3
1861112,4,0,3,2
1861202,4,1,2,2
1861514,4,1,2,3
1862412,4,1,2,1
1864055,4,0,3,3
1864846,4,1,3,3
1866000,4,1,0,3
1866391,4,0,3,1
1866400,2,0,3,3
1867752,3,0,3,1
1868310,4,1,2,2
1868312,4,1,2,1
1868890,4,1,2,2
1869010,4,1,2,2
1869092,4,1,2,2
1869304,2,1,2,1
1869461,4,1,2,2
1869771,3,0,3,2
1870038,4,1,0,2
1870132,3,1,2,2
1870151,4,1,2,1
1870221,4,1,2,1
1870751,2,1,1,1
1870798,4,1,2,2
1871727,4,1,2,2
1871833,2,1,2,2
1872091,4,1,3,1
1872587,4,1,0,1
1872662,4,1,2,2
1873263,3,0,3,3
1874279,4,1,2,3
1874284,4,1,2,3
1874295,4,1,2,3
1875013,4,0,0,3
1875764,4,0,3,2
1875962,4,0,3,1
1876090,1,0,3,3
1878227,4,0,3,1
1878537,4,1,1,2
1878658,3,1,2,1
1878669,4,1,2,1
1879298,3,1,2,3
1879358,4,1,3,2
1879599,4,1,2,1
1879793,4,0,3,3
1880202,4,1,2,2
1880648,4,1,3,1
1880846,4,1,2,3
1881802,4,1,3,1
1881868,3,0,0,3
1883153,4,1,2,3
1883527,3,1,2,3
1883528,4,1,2,1
1883660,3,1,2,3
1883995,3,1,2,3
1884087,4,1,3,1
1884286,4,1,2,3
1885039,4,1,2,3
1885177,4,0,1,3
1885734,4,1,2,2
1886005,4,1,2,1
1887066,4,1,2,3
1888780,4,1,3,1
1888811,2,1,2,3
1888823,4,1,2,2
1889009,4,1,2,1
1889253,4,1,2,1
1889491,4,1,2,1
1889579,4,1,2,2
1889621,4,1,2,3
1889788,4,1,2,1
1890357,3,1,1,3
1890437,3,1,2,1
1890515,2,1,2,1
1890516,3,1,1,1
1890522,4,1,2,3
1890588,4,1,2,1
1890829,4,1,2,2
1891484,4,1,2,1
1891605,4,1,2,1
1891649,4,1,2,2
1891803,4,1,2,1
1892010,3,1,2,2
1892794,4,1,2,1
1892991,4,1,2,2
1893207,4,1,2,2
1893210,4,1,2,2
1893245,4,1,2,2
1893343,4,1,2,2
1893483,4,1,2,2
1893657,4,1,2,1
1894338,2,1,2,1
1894453,4,1,2,1
1894619,2,1,2,3
1894753,4,1,2,3
1895102,4,1,2,3
1895159,2,1,2,1
1895286,3,1,2,3
1895298,4,0,3,2
1895425,4,1,2,1
1896345,4,1,2,3
1896980,4,1,2,3
1897539,3,0,3,3
1897778,3,1,2,3
1898323,3,1,2,1
1898372,3,1,2,3
1898449,4,1,1,2
1898539,2,1,2,3
1898779,3,1,2,1
1898814,3,1,2,1
1898971,3,1,2,1
1899694,4,1,2,1
1899730,4,1,2,3
1899741,4,1,2,1
1899769,4,1,2,2
1899880,3,0,0,1
1900069,4,1,2,2
1900319,4,1,2,3
1900465,4,1,2,2
1901554,4,1,2,1
1903954,4,0,3,3
1904083,3,0,3,1
1904548,4,0,3,3
1904704,4,0,3,2
1906242,4,0,3,2
1907821,4,0,2,1
1910848,4,1,2,2
1911817,4,1,1,3
1912439,2,1,1,1
1913354,4,1,1,3
1913703,4,1,2,2
1914108,4,0,0,1
1914192,4,0,0,1
1915247,4,1,1,1
1915291,4,1,2,1
1915498,4,1,2,3
1915861,4,1,2,1
1915987,4,1,2,3
1917129,4,1,2,3
1918307,4,1,2,3
1918312,3,1,2,1
1918615,4,1,2,3
1919846,4,1,2,2
1919853,3,1,1,2
1919898,3,1,2,2
1919947,3,1,2,2
1920973,4,0,0,3
1921463,3,0,0,1
1922571,4,1,2,1
1923001,4,1,2,2
1923072,4,1,2,1
1923165,4,1,1,2
1923244,4,1,2,3
1923287,4,1,2,1
1923821,4,1,2,2
1923955,4,1,2,3
1923981,3,1,2,1
1924384,4,1,2,3
1924700,3,1,2,3
1924755,4,1,2,2
1924959,4,1,2,3
1925337,4,1,2,3
1925449,3,1,2,3
1925477,4,1,3,2
1925610,3,1,1,1
1926507,4,1,2,3
1926668,4,1,2,1
1926854,4,1,2,2
1926866,4,1,3,2
1927003,4,1,1,3
1927004,3,0,0,0
1927021,3,1,2,2
1927338,4,1,2,2
1927339,4,1,2,2
1927950,4,1,2,3
1928004,1,1,2,0
1928609,4,1,2,1
1928755,4,1,1,2
1928940,4,1,2,1
1929146,4,0,3,1
1929151,4,1,2,1
1929205,4,1,2,2
1929262,4,1,2,3
1929431,4,1,0,3
1929514,3,1,2,2
1930227,3,1,2,3
1930572,4,1,2,1
1930730,3,0,3,3
1930793,2,1,2,3
1930810,4,1,2,1
1930942,3,1,2,2
1931213,4,1,2,3
1931235,4,1,2,1
1931489,4,1,2,2
1931497,4,0,0,3
1932160,3,1,2,1
1932207,4,1,2,1
1932235,3,1,2,1
1932389,4,1,2,3
1932393,4,1,2,2
1932451,4,1,2,1
1932817,2,1,2,1
1932819,4,1,2,2
1932958,4,1,2,2
1933191,4,0,3,2
1933254,4,0,0,1
1933459,4,1,2,2
1933552,4,1,2,3
1933599,4,1,2,1
1933633,4,1,2,3
1933702,4,1,2,3
1933830,4,1,2,2
1934075,4,1,2,2
1934260,4,0,3,2
1934406,4,1,3,3
1934787,4,1,3,3
1935106,4,0,3,3
1935417,4,1,2,2
1935619,4,0,3,2
1936069,4,1,1,2
1936394,4,1,2,2
1936478,4,1,1,1
1936800,4,1,2,3
1938005,4,0,0,3
1938142,4,1,2,2
1938743,4,1,2,1
1939369,4,1,2,2
1939666,4,1,1,2
1939754,3,1,2,3
1939762,4,1,2,1
1939775,4,1,2,2
1939900,3,1,2,1
1940096,4,1,2,2
1940121,4,1,2,3
1940174,4,1,2,1
1941011,3,0,3,3
1941100,3,1,2,2
1941271,4,1,2,1
1941902,3,1,2,1
1942017,4,1,2,3
1942058,4,1,2,3
1942083,4,1,2,2
1942223,4,1,2,3
1942296,4,1,2,2
1942299,4,1,2,1
1942625,4,1,2,1
1942758,4,1,2,1
1942787,4,1,2,1
1942828,4,1,2,1
1943470,4,1,2,1
1943586,4,1,2,2
1943718,4,1,2,2
1943961,2,1,2,2
1944457,4,1,2,0
1944510,4,1,1,1
1944862,4,1,2,1
1944905,4,1,2,2
1945150,3,1,2,2
1945248,4,1,2,1
1945371,4,0,0,1
1945579,4,1,2,3
1945589,4,1,2,2
1945700,4,1,2,3
1945816,2,1,2,3
1945855,3,1,1,3
1946023,3,1,2,1
1946107,4,1,3,3
1946327,3,1,2,2
1946379,3,1,1,3
1946397,2,1,2,1
1946463,4,1,2,2
1946562,2,1,2,3
1946595,4,1,3,1
1946833,4,1,2,2
1946963,4,1,2,2
1947355,4,1,2,3
1948277,4,1,2,2
1948340,4,1,1,3
1948561,4,1,2,2
1949144,3,1,2,3
1949444,4,1,2,1
1949502,2,1,2,1
1949508,4,1,2,3
1949526,2,1,2,1
1949624,4,1,0,2
1950286,3,1,2,1
1950466,4,1,2,2
1950577,4,1,2,3
1950688,4,1,2,3
1950689,4,1,0,1
1950690,4,1,2,1
1950946,4,1,2,3
1951003,4,1,2,3
1951279,4,1,1,3
1951390,3,1,1,3
1951397,4,1,2,3
1951417,4,0,3,2
1951428,4,1,2,3
1951931,4,1,2,2
1951984,3,1,2,1
1951988,3,1,2,1
1951989,3,1,2,1
1951990,4,1,2,1
1951991,4,1,2,2
1951993,4,1,2,1
1952001,3,1,2,2
1952054,4,1,2,3
1952201,4,1,2,2
1952386,4,1,2,2
1952391,4,1,2,2
1952676,4,1,2,2
1952847,4,1,2,2
1952923,2,1,2,3
1953106,3,1,1,3
1953354,4,1,2,3
1953362,4,1,2,2
1955153,4,1,1,3
1955231,4,1,2,2
1955340,2,1,2,1
1955728,4,1,1,3
1955747,3,1,2,2
1955750,4,1,2,2
1957176,3,1,2,2
1957184,4,1,2,3
1957472,4,0,3,1
1958267,4,1,2,2
1959117,3,1,1,3
1959300,4,1,2,2
1960531,2,1,2,3
1960768,4,1,2,2
1961185,4,0,0,2
1963038,2,1,2,3
1963417,4,1,2,1
1963479,4,1,2,3
1963756,4,0,0,3
1963794,4,1,2,3
1964069,4,1,2,1
1964073,3,1,1,3
1964074,4,1,2,2
1964200,4,1,2,1
1964209,4,1,1,2
1964242,4,1,2,2
1964339,4,1,2,3
1964467,4,1,1,1
1964503,4,1,2,2
1965214,4,1,2,3
1965236,3,1,2,2
1965261,4,1,0,3
1965516,4,1,2,2
1965632,4,1,2,3
1965850,3,1,2,3
1966241,3,1,2,3
1966349,2,1,2,3
1966580,4,1,3,2
1966583,4,0,3,1
1967074,4,1,2,2
1967379,4,1,2,3
1967389,4,1,2,3
1967955,4,1,2,1
1968813,4,1,2,3
1969187,2,1,2,1
1969197,4,1,2,2
1969753,4,1,2,2
1969851,4,1,2,3
1969868,4,1,2,2
1970159,4,1,2,2
1970215,4,1,2,1
1970300,4,1,1,1
1970338,1,1,2,1
1970505,4,1,2,1
1970696,4,1,2,1
1970861,4,1,2,0
1971093,4,1,1,2
1971149,4,1,2,3
1971464,2,1,2,3
1971706,2,0,3,2
1971707,3,0,3,2
1971712,4,0,3,2
1971929,4,1,3,1
1972108,2,1,2,1
1972287,4,1,1,3
1972324,3,1,1,3
1972807,4,1,2,1
1972854,3,1,2,2
1972884,2,1,2,3
1973432,4,1,2,3
1973625,4,1,2,3
1973808,4,1,2,2
1973922,4,1,2,3
1974272,4,1,2,1
1974583,1,1,2,0
1974724,4,1,1,1
1974984,4,0,3,2
1975181,4,1,2,3
1975609,4,1,2,3
1975664,2,1,2,3
1976109,3,1,2,2
1976319,4,1,1,1
1976454,4,1,2,1
1976610,3,1,2,3
1976612,3,1,2,3
1976643,3,1,2,1
1976777,4,1,2,3
1977589,3,1,2,2
1977592,4,1,2,2
1977857,4,1,2,1
1978263,4,1,2,1
1978309,4,1,2,2
1978312,4,0,0,1
1978415,4,1,2,2
1978778,4,1,2,2
1978782,4,1,2,2
1979111,4,0,3,2
1979447,3,1,2,2
1979839,4,1,2,2
1979883,4,1,2,2
1980073,2,1,2,1
1980149,4,1,2,1
1980267,4,1,2,2
1980412,4,1,2,3
1981170,2,1,2,3
1981506,3,1,2,3
1982133,3,1,2,2
1982903,4,1,2,2
1983455,4,1,2,1
1983617,4,0,3,2
1983859,4,1,2,1
1984278,3,1,2,2
1984283,4,1,2,1
1984284,4,1,2,2
1984305,4,1,2,1
1984320,3,1,2,1
1984323,3,1,2,2
1984372,4,1,2,2
1984593,4,0,3,1
1984751,1,1,0,0
1984763,2,1,1,3
1984785,4,1,2,3
1984792,4,1,1,3
1984793,4,1,2,3
1985138,4,0,3,2
1985443,3,1,2,2
1985576,4,1,2,2
1985642,3,1,2,3
1985755,4,1,2,1
1985793,2,1,2,3
1986482,4,1,2,3
1986845,4,1,2,1
1986848,2,1,1,2
1987088,4,0,3,0
1987126,4,1,2,2
1987387,4,1,3,1
1987547,4,1,2,2
1987607,4,1,2,3
1988142,2,0,3,1
1988380,3,1,2,1
1988448,4,1,2,2
1988626,4,1,2,3
1988919,2,1,2,2
1989616,4,1,2,1
1989826,4,1,2,1
1990705,4,1,2,3
1990862,2,1,2,1
1991064,4,1,2,1
1991115,4,1,3,2
1991544,4,1,3,3
1991646,4,1,2,2
1991707,4,1,2,2
1991951,4,1,2,3
1991969,4,1,2,2
1992100,3,1,2,3
1992217,4,1,2,3
1992315,4,1,2,2
1992335,4,1,0,3
1992344,4,1,3,2
1992374,3,1,2,2
1992459,4,0,3,2
1992478,4,1,2,3
1992502,4,1,3,2
1992538,4,1,2,2
1992600,3,1,3,1
1992682,4,1,2,1
1993553,4,1,2,1
1993850,3,1,2,2
1993913,3,1,2,2
1994073,4,1,1,2
1994279,4,1,3,2
1994414,4,1,1,1
1994418,4,1,2,1
1994419,4,1,2,1
1994580,3,1,1,1
1995071,4,1,2,3
1995121,4,1,1,3
1995178,4,1,2,1
1995179,4,1,2,1
1996222,3,1,2,2
1996223,3,1,2,2
1996227,3,1,2,1
1996275,4,1,2,1
1996544,4,1,2,2
1996888,3,0,3,0
1998849,4,1,2,2
1998864,4,1,1,2
1999026,4,1,2,2
1999095,4,1,1,3
1999210,2,1,2,1
1999241,3,1,2,2
1999308,4,1,2,1
1999581,4,1,2,3
1999623,4,1,1,3
1999628,4,1,3,2
1999634,4,1,2,2
1999986,4,1,1,3
2000130,3,1,2,1
2001271,2,1,2,1
2002121,3,0,0,3
2002500,3,1,2,2
2003554,4,1,2,2
2003869,4,0,3,2
2004240,2,1,2,2
2004435,4,1,2,3
2004444,4,1,1,2
2005166,4,1,2,3
2005202,4,1,2,3
2005280,4,0,3,2
2005459,4,1,2,2
2005467,4,1,2,3
2005469,4,1,2,2
2005550,4,1,2,1
2005656,4,1,3,2
2005831,4,1,2,2
2006016,4,1,2,2
2006320,4,1,2,1
2006322,4,1,2,1
2006660,4,1,2,1
2006702,4,1,2,1
2006796,4,1,2,2
2006907,4,0,3,1
2007256,4,1,2,3
2007305,4,1,2,3
2007465,4,1,2,3
2007522,4,1,1,3
2007673,4,1,2,3
2008297,3,1,1,1
2009281,3,1,2,1
2009507,4,1,2,1
2010080,4,1,3,2
2010339,4,1,2,1
2010351,4,1,2,2
2010417,4,1,2,1
2010432,4,1,2,2
2010439,4,1,2,1
2010442,4,1,2,2
2010567,2,1,2,1
2010591,2,1,2,1
2010811,3,1,2,1
2010812,4,1,2,2
2010861,4,1,2,3
2011220,2,1,2,3
2011327,3,1,1,2
2011538,4,1,2,3
2011835,4,1,2,1
2012189,4,1,2,2
2012308,3,1,2,1
2012468,4,1,2,3
2012474,4,1,1,3
2012514,4,1,1,1
2013009,4,0,3,1
2013180,3,1,2,3
2013370,4,1,2,1
2013847,4,1,1,2
2014240,4,0,3,2
2014741,4,0,3,3
2014806,4,1,2,3
2014847,4,1,2,1
2014992,4,1,2,2
2015664,4,1,2,1
2016321,3,0,0,2
2016990,2,1,2,1
2017211,4,1,2,3
2017357,4,1,2,1
2017615,4,1,2,2
2017696,4,1,2,2
2018026,4,1,2,3
2018109,4,1,2,1
2018119,4,1,0,1
2018220,4,1,2,1
2018491,3,1,2,1
2018562,4,1,1,2
2018634,4,1,2,2
2019104,4,1,3,2
2019451,3,0,3,1
2020617,3,0,3,1
2020780,4,1,2,1
2020812,4,1,2,3
2020856,3,1,1,2
2021095,4,1,2,3
2021329,4,1,2,2
2021560,4,1,2,2
2023079,3,0,3,3
2023205,4,0,3,3
2023228,4,1,2,1
2023565,4,1,2,1
2023785,3,1,1,3
2024833,3,0,3,3
2025172,3,0,3,3
2025742,3,0,3,1
2026315,4,0,3,3
2026671,3,1,3,3
2027057,3,0,3,1
2027469,4,0,3,2
2028072,4,1,2,2
2028079,4,1,3,3
2028238,3,1,2,2
2029309,4,1,1,3
2029381,2,1,2,3
2029975,4,1,2,1
2030303,4,1,2,2
2030427,4,1,2,2
2030641,4,1,2,3
2030843,2,1,2,1
2031233,3,1,2,2
2031463,4,1,2,1
2032104,4,1,2,1
2032173,4,1,1,2
2032270,4,1,3,2
2032626,3,1,2,2
2032743,4,1,2,3
2032839,4,1,2,1
2032879,4,1,3,3
2033355,4,0,3,3
2033854,4,1,2,2
2034091,4,1,2,3
2034166,4,1,2,3
2034409,4,1,1,2
2034464,4,1,2,3
2034473,3,1,2,3
2034705,4,0,0,3
2035079,3,1,3,2
2035238,4,1,2,3
2035535,3,1,2,3
2037379,4,0,3,2
2037451,4,1,2,1
2037640,4,1,2,3
2037667,4,1,1,2
2038091,3,1,2,1
2038757,4,1,2,3
2038910,4,1,3,2
2039701,3,1,2,1
2039774,4,1,2,3
2040205,4,0,3,2
2040689,3,1,2,3
2040763,4,1,2,3
2040764,4,1,3,2
2040765,4,1,3,2
2041945,4,1,2,1
2042409,2,1,2,1
2042414,3,1,2,1
2042417,2,1,2,1
2042450,3,1,2,1
2042462,4,1,2,2
2042524,2,1,2,0
2042532,2,1,2,2
2042748,4,1,2,2
2043167,4,1,2,3
2043588,2,1,2,3
2043628,4,1,2,2
2044667,4,0,0,3
2044913,4,1,2,3
2044952,4,0,0,1
2045231,4,1,0,3
2045245,4,1,2,3
2045328,4,1,2,2
2045876,4,1,2,3
2046051,4,1,2,1
2046161,4,1,2,2
2046389,4,1,2,2
2046586,2,1,2,1
2046902,4,1,0,3
2047096,2,1,1,2
2047331,4,1,1,1
2047593,4,1,2,1
2047641,4,1,0,3
2048384,4,1,2,1
2048413,4,1,2,3
2048611,4,1,2,2
2048619,3,1,2,3
2048622,3,1,2,3
2048624,3,1,2,2
2049321,4,0,0,3
2049438,4,0,0,2
2049814,4,1,0,3
2049822,4,1,2,1
2050120,4,1,2,3
2050380,3,1,2,3
2050532,4,1,2,3
2050561,4,1,2,2
2051069,4,1,2,2
2052306,4,1,2,3
2052559,4,0,3,3
2052620,4,1,2,1
2053107,4,1,0,3
2053384,4,1,2,2
2053502,4,1,2,1
2053508,4,1,2,1
2054459,4,1,3,2
2054549,4,0,3,1
2054579,4,1,2,2
2054984,3,0,0,3
2056719,4,1,1,3
2056752,4,1,2,2
2056849,4,1,2,3
2056919,4,1,2,1
2057285,3,0,3,3
2057507,3,0,0,2
2057709,4,1,2,2
2057859,4,1,2,2
2057973,4,1,2,2
2058247,4,1,2,2
2058289,4,1,2,3
2058442,4,1,2,2
2058644,4,1,2,1
2058680,4,1,2,3
2058733,4,1,2,1
2058950,4,1,2,2
2059661,4,1,1,1
2061440,3,0,3,3
2062622,4,1,2,3
2062958,4,1,1,3
2064107,4,1,0,3
2064709,4,0,3,3
2065922,4,0,3,3
2066931,4,0,3,2
2067104,4,1,2,1
2067595,4,1,1,2
2067764,4,1,2,3
2068023,4,0,3,2
2068316,3,1,3,3
2069192,2,1,2,2
2069265,4,1,2,3
2069717,4,0,3,1
2070201,4,1,2,1
2070230,4,1,2,2
2070468,3,1,2,2
2070548,4,1,2,1
2070614,4,1,3,1
2070627,4,1,2,1
2070880,4,0,3,3
2071313,4,1,3,1
2071566,2,1,2,1
2071578,4,1,2,1
2071800,4,1,0,2
2071915,2,1,2,3
2072443,3,1,2,3
2072508,2,1,2,2
2072510,3,1,2,3
2072519,4,1,2,2
2072728,4,0,3,2
2072804,4,1,2,2
2073054,4,1,2,3
2073156,3,0,2,2
2073938,4,1,2,1
2074015,4,1,2,2
2074067,4,1,2,3
2074106,4,1,3,1
2074187,4,1,2,1
2074632,4,0,3,3
2075122,3,1,2,3
2075324,3,1,2,3
2075452,4,1,3,1
2076744,4,0,3,3
2077306,4,0,3,1
2078652,3,0,2,1
2078857,3,1,2,2
2079361,4,1,2,1
2079616,3,1,2,1
2080444,4,1,2,1
2080719,4,1,2,3
2081397,4,1,1,1
2082589,4,0,3,2
2082758,4,0,3,1
2085383,4,0,0,2
2087502,4,0,3,3
2087693,4,0,0,3
2088076,4,1,2,3
2088141,4,1,2,1
2088412,4,1,2,2
2091188,3,0,3,2
2091255,4,0,0,3
2091405,3,0,0,1
2092032,4,0,0,3
2092629,4,0,0,2
2093179,4,0,0,2
2093616,4,0,0,2
2093617,4,0,0,1
2093759,4,0,3,2
2094426,3,0,0,3
2094455,2,0,0,3
2094683,3,0,3,2
2094747,4,0,0,2
2094854,4,0,3,3
2095288,4,1,3,3
2095320,4,0,3,2
2096283,3,0,3,1
2096794,3,0,0,2
2096850,3,0,0,1
2097603,3,0,3,2
2097722,2,0,0,2
2098630,3,0,0,1
2099040,4,0,3,1
2099471,4,0,0,3
2100174,4,0,3,2
2100911,4,0,0,1
2102238,4,0,3,1
2102302,4,0,0,3
2102540,4,0,3,3
2103144,4,1,1,2
2103526,2,0,3,1
2103866,2,1,2,1
2103908,2,1,2,1
2103955,4,1,1,2
2103975,4,1,2,3
2104410,4,1,2,1
2104759,4,0,3,3
2105754,4,1,2,1
2106723,3,0,3,1
2106899,4,1,2,1
2106940,4,1,2,3
2107118,4,1,2,2
2107343,4,1,2,2
2107404,4,1,1,1
2107497,4,1,2,1
2107634,4,1,2,2
2107847,4,0,3,3
2107892,4,1,2,2
2108364,4,1,2,1
2108654,2,1,2,1
2109065,4,1,1,2
2109077,4,1,2,1
2109093,3,1,1,3
2110112,3,0,0,1
2110973,4,0,0,3
2111069,4,0,3,2
2111847,4,0,0,1
2111960,3,0,0,2
2112346,4,1,0,3
2112512,4,0,3,3
2112515,4,0,0,3
2113512,3,0,0,2
2113531,4,0,3,2
2113595,3,0,3,3
2114355,3,1,0,3
2114635,3,0,0,3
2115171,4,0,0,1
2115628,4,0,0,3
2116072,4,0,3,3
2116658,4,1,2,1
2116708,4,1,2,1
2116736,4,1,2,1
2116855,4,1,2,3
2117546,4,1,2,1
2117637,4,1,2,3
2117874,4,1,2,3
2119264,4,1,1,3
2119409,4,0,0,2
2119425,4,0,0,3
2120136,4,0,0,1
2120569,2,0,0,3
2121501,3,0,0,1
2121565,4,0,0,3
2121785,4,0,0,3
2121889,3,0,0,1
2122177,3,0,0,2
2122231,4,0,0,1
2122271,4,0,0,3
2122764,4,0,0,2
2122788,4,0,0,3
2124042,4,1,2,2
2124260,4,1,2,1
2124355,4,1,2,3
2124357,4,1,2,3
2124358,4,1,2,3
2124359,4,1,2,3
2125443,4,1,2,1
2125639,4,1,2,3
2125784,4,1,1,3
2126595,1,1,2,0
2126772,4,1,2,1
2127239,3,1,1,1
2127402,4,1,2,1
2127563,2,1,2,2
2127575,4,1,1,3
2127843,4,1,2,2
2127886,4,1,3,1
2127926,4,1,2,2
2128046,4,1,2,2
2128890,4,1,2,3
2128957,2,1,2,3
2130340,4,1,2,3
2130342,3,1,2,3
2130419,4,1,2,2
2130468,4,1,3,3
2130504,4,1,2,1
2130832,2,1,2,2
2130889,4,1,3,2
2131017,4,1,3,1
2131031,4,1,2,2
2131225,4,1,2,2
2131334,4,1,1,2
2131430,4,1,2,3
2131675,4,1,2,1
2131729,3,1,1,3
2132235,4,1,2,2
2132367,4,1,2,1
2133245,4,1,3,2
2133276,4,1,2,1
2133416,3,1,1,3
2133500,4,1,1,3
2133798,3,1,2,3
2134027,4,0,3,1
2134055,3,1,1,3
2134058,4,1,2,3
2134388,4,1,2,3
2134453,3,1,2,2
2134924,4,0,3,2
2135675,4,1,2,3
2136104,4,1,2,3
2136125,3,1,1,1
2136535,4,0,3,3
2137901,4,1,2,1
2137905,4,1,2,2
2137970,4,1,2,3
2138073,4,0,3,0
2138292,4,1,0,3
2138299,2,1,2,3
2138727,4,1,2,3
2139026,4,1,2,1
2139396,4,1,2,3
2139407,4,1,3,2
2139438,4,1,2,1
2139545,4,1,2,2
2140029,2,1,2,2
2140049,4,1,1,1
2140074,4,1,2,2
2140461,4,1,3,2
2140530,4,1,2,1
2140806,3,1,0,1
2140811,4,1,1,1
2140922,4,1,3,1
2140999,4,1,2,2
2141230,3,1,2,3
2141393,4,1,2,2
2141461,4,1,1,1
2141703,4,0,0,2
2142487,4,1,2,2
2142714,4,0,0,3
2143749,4,1,2,3
2144390,2,1,2,2
2144547,4,0,3,3
2145409,4,1,0,3
2145603,2,0,3,3
2145699,4,1,2,2
2145942,3,1,2,3
2146907,4,0,0,3
2146945,4,0,0,1
2147404,2,1,2,1
2147811,3,1,2,3
2147962,4,1,2,3
2147992,4,1,2,1
2148026,4,1,2,1
2148037,3,1,3,1
2148039,3,1,3,2
2148040,4,1,3,2
2148281,4,0,0,3
2148400,4,1,1,3
2148608,4,1,0,3
2148848,4,1,0,1
2149158,4,1,2,3
2150211,4,1,2,3
2150224,3,1,2,3
2151493,4,1,2,2
2151499,4,1,2,1
2151740,2,1,2,1
2153014,4,1,2,3
2153110,1,1,2,3
2153283,4,1,3,2
2153421,4,0,3,1
2153457,4,1,2,3
2153998,3,0,3,3
2154596,4,1,2,1
2154607,4,1,2,2
2154630,4,1,2,1
2154663,4,1,1,3
2155643,3,1,2,2
2155689,4,1,2,2
2156231,4,1,2,1
2156364,4,0,3,3
2156478,4,1,1,3
2157118,3,1,2,3
2157273,4,0,3,3
2157724,4,1,3,3
2158286,4,0,0,1
2159085,4,1,2,1
2159258,3,1,2,3
2159513,4,1,2,2
2159587,4,1,2,2
2160048,2,1,2,1
2160308,4,1,2,2
2160428,3,1,2,3
2160436,4,1,2,2
2160769,4,1,2,1
2161122,3,1,2,2
2162013,4,1,2,3
2162109,4,1,2,2
2162762,4,1,1,3
2162869,4,1,2,3
2162994,3,1,2,2
2163340,4,1,2,2
2163370,4,1,2,2
2163581,4,1,2,2
2164115,3,1,2,3
2164174,4,1,2,2
2164328,4,1,0,2
2164624,4,1,2,3
2164939,3,1,3,2
2164942,4,1,2,1
2164943,4,1,3,2
2164944,3,1,2,1
2165318,4,1,2,2
2165411,4,0,3,2
2165624,4,1,2,3
2165627,2,1,2,3
2165666,2,1,2,3
2165721,4,1,2,2
2165765,4,1,2,1
2165832,4,1,2,2
2166642,4,0,3,1
2167372,2,1,2,1
2167489,3,1,2,1
2168109,4,1,2,3
2168207,4,1,2,2
2168361,4,0,2,3
2168402,4,1,2,2
2168965,3,1,3,3
2169199,4,1,2,3
2169865,4,1,2,3
2169876,4,1,2,3
2170415,3,1,2,2
2170555,4,1,2,3
2170610,4,1,3,2
2170625,2,0,3,3
2170643,4,1,2,2
2171511,4,1,2,1
2171589,4,0,3,3
2171762,4,1,2,2
2171907,4,1,2,2
2171943,4,1,1,3
2172334,4,1,1,2
2172541,4,0,0,1
2172808,3,1,2,3
2172829,3,1,1,3
2172947,4,1,2,3
2173027,4,1,2,3
2173296,4,0,3,2
2173331,4,1,2,1
2173343,2,1,2,1
2173344,4,1,2,3
2173361,4,1,2,1
2173730,3,1,2,2
2174014,2,1,2,3
2174318,4,1,2,3
2174453,4,1,2,3
2174775,4,1,2,3
2174948,4,0,3,3
2175680,3,1,2,3
2176083,2,1,2,2
2176086,4,1,2,3
2176174,4,1,2,1
2176789,4,1,2,2
2177244,4,1,2,2
2177836,3,1,2,2
2177839,4,1,2,2
2177959,4,1,2,3
2177983,4,1,2,3
2177992,4,1,2,3
2178276,2,1,2,3
2178807,4,0,3,2
2179017,4,1,2,2
2179406,4,1,2,3
2179939,2,1,2,1
2180060,4,1,2,1
2180670,4,1,2,3
2180698,4,1,2,2
2181096,3,1,2,3
2181493,4,1,1,2
2181898,4,1,2,2
2181907,4,1,2,3
2182213,4,1,2,3
2182361,4,0,3,3
2182564,2,1,2,3
2183016,4,1,2,2
2183254,3,1,1,1
2183622,2,1,2,1
2183643,4,1,1,2
2183675,3,1,1,3
2183726,4,1,2,2
2184999,4,1,2,2
2185015,4,1,2,1
2185038,4,1,2,2
2185582,1,1,2,0
2185767,4,1,2,3
2186706,4,1,2,2
2187505,2,1,2,1
2187739,4,1,1,1
2187886,4,1,2,3
2187957,4,1,2,2
2187965,4,1,2,3
2188028,4,1,2,1
2188074,3,1,2,1
2188117,4,1,3,1
2188295,4,1,2,3
2188332,2,1,2,3
2188440,4,1,2,2
2188458,4,1,2,2
2188547,4,1,1,2
2188553,4,1,1,2
2188633,4,1,2,3
2188696,2,1,2,3
2188708,4,1,2,3
2188768,4,1,2,2
2188978,4,1,1,3
2189533,4,0,3,1
2189721,4,1,2,1
2189833,4,1,2,2
2189969,4,1,2,3
2190062,4,1,2,3
2190354,4,1,2,2
2190371,4,1,2,1
2190603,4,1,2,2
2190734,4,1,2,3
2190795,2,1,1,2
2190803,2,1,2,1
2190900,4,1,3,2
2190982,4,1,2,2
2191385,4,1,2,2
2191428,4,1,2,3
2191929,4,1,3,1
2191997,2,1,2,3
2192642,4,1,2,2
2192733,2,1,1,1
2192747,3,1,2,2
2192782,4,1,2,1
2192913,4,1,2,2
2192973,4,1,2,3
2193169,4,1,2,1
2193264,3,1,2,3
2193276,4,1,2,3
2193388,4,1,2,1
2193407,3,1,2,1
2193422,4,1,2,2
2193721,4,1,2,2
2194143,4,1,3,2
2194153,4,1,2,3
2194168,4,1,1,2
2194362,2,1,2,1
2194363,3,1,2,1
2194471,4,1,3,1
2194580,4,1,3,2
2194791,4,1,2,2
2195009,4,1,2,1
2195233,4,1,1,1
2195417,3,1,2,2
2196039,4,1,2,3
2196060,4,1,2,1
2196068,4,1,2,3
2196132,4,1,3,3
2197021,4,0,0,1
2199194,4,1,2,1
2199218,4,1,2,1
2199868,4,1,1,3
2199969,4,1,2,1
2200121,4,1,2,1
2201125,3,1,2,1
2201311,3,0,3,2
2201727,3,1,2,3
2202537,4,1,2,3
2202732,4,1,2,3
2204067,4,1,2,1
2204532,4,1,2,3
2205117,4,0,3,1
2205227,4,1,2,3
2205327,4,0,0,2
2206242,3,1,2,3
2206516,4,1,2,2
2206541,3,1,2,2
2206656,4,1,2,2
2206740,4,1,2,1
2207203,4,1,2,2
2207291,4,1,2,3
2207384,4,1,2,1
2207954,4,1,2,3
2208048,4,1,2,2
2208084,4,1,2,2
2208430,2,1,2,1
2208474,4,1,2,1
2208962,4,1,2,1
2209075,4,1,3,1
2209608,4,1,2,3
2209821,3,1,2,2
2210137,3,1,2,1
2210139,4,1,2,1
2210196,3,1,2,2
2210254,4,1,0,3
2210356,3,1,2,2
2210519,3,1,2,2
2210617,4,1,2,2
2210872,4,0,0,3
2211077,4,1,1,3
2211223,4,1,2,2
2211282,4,1,2,3
2211336,4,1,2,2
2211395,3,1,1,3
2211751,2,1,2,3
2212209,4,1,2,3
2212660,4,1,2,3
2212954,4,1,2,2
2213122,4,1,2,2
2213622,3,1,2,2
2213866,4,1,2,3
2214546,4,1,2,3
2216031,4,1,2,2
2216145,4,1,2,1
2216176,3,1,2,3
2216295,4,1,0,1
2216316,3,1,2,3
2216640,4,0,3,2
2216642,1,0,3,1
2217530,4,1,2,1
2217693,4,1,2,3
2217717,4,1,3,0
2217718,4,1,2,2
2217782,2,1,2,2
2217888,4,1,1,3
2218486,4,1,2,2
2218524,4,1,2,1
2219442,2,1,1,1
2219779,4,1,3,3
2219992,4,1,2,2
2220554,4,0,0,2
2221102,4,0,3,1
2222143,4,0,3,3
2224890,4,1,2,2
2225574,2,1,2,1
2225624,4,1,2,3
2226062,4,1,2,1
2226103,4,1,2,1
2227800,4,0,3,2
2228369,3,1,2,1
2228704,4,1,2,1
2228754,3,1,1,3
2229516,3,1,2,2
2229633,3,1,1,2
2229656,3,1,1,3
2229787,2,1,2,2
2230251,3,1,2,3
2230732,4,1,2,1
2230871,2,1,2,2
2230917,2,1,2,2
2231247,3,1,3,3
2231307,4,1,2,3
2231336,4,1,3,2
2231697,4,1,2,1
2231855,4,1,2,3
2231882,4,1,2,2
2231896,4,1,2,2
2231909,3,1,2,3
2232226,3,1,2,1
2232255,4,1,3,1
2232299,4,1,3,3
2232552,4,1,2,2
2232980,4,1,2,1
2233001,4,1,2,3
2233552,4,1,1,2
2233759,2,1,2,3
2233885,4,1,2,3
2234951,3,1,3,2
2235378,4,1,2,2
2236433,3,1,2,3
2236640,4,1,2,1
2236888,4,1,2,2
2237013,4,1,1,1
2237801,4,1,2,3
2238427,4,0,3,3
2238465,1,0,3,0
2238483,4,1,2,3
2239654,2,1,2,1
2239941,4,1,2,3
2240178,4,1,2,3
2240406,2,1,2,2
2240516,4,1,2,2
2240566,4,1,2,3
2240849,4,1,2,2
2240934,4,1,2,2
2240936,4,1,2,2
2241542,4,1,2,1
2241805,4,1,2,1
2242954,4,1,2,2
2243968,3,1,2,1
2244080,3,1,2,3
2244271,4,1,2,3
2244488,4,1,3,3
2244550,4,1,3,0
2245091,2,1,1,3
2245138,3,0,3,3
2246004,1,0,3,0
2246169,4,0,3,3
2246675,3,1,2,3
2247345,4,1,2,3
2247366,4,1,3,3
2247913,3,1,2,1
2248232,4,1,2,3
2248438,4,1,2,1
2248473,4,1,1,1
2248574,4,1,3,3
2248580,3,1,3,3
2249442,4,1,2,1
2250014,3,0,3,3
2250495,4,1,2,3
2250593,4,1,2,1
2250599,4,1,2,2
2251093,4,1,2,3
2251197,2,0,3,3
2251241,3,1,2,1
2251547,4,1,2,3
2251761,3,1,2,3
2252075,4,1,2,1
2252158,3,1,3,1
2252485,4,1,2,1
2252917,4,0,3,1
2253153,4,1,2,1
2253332,4,1,2,1
2253441,3,1,1,2
2253567,4,1,2,2
2254219,3,1,2,2
2254327,2,1,2,3
2255035,3,0,3,3
2255064,3,0,3,2
2255408,4,0,3,1
2256004,4,1,2,1
2256605,4,1,1,2
2257031,4,1,2,2
2257033,4,1,2,2
2257129,3,1,2,3
2257265,2,1,2,1
2257381,4,1,1,2
2257901,3,1,2,1
2257904,4,1,2,2
2257905,4,1,2,1
2257906,4,1,2,1
2258068,4,1,2,2
2258163,4,1,2,1
2258248,4,1,2,3
2258328,4,1,2,3
2258957,4,0,3,1
2258958,4,1,2,1
2259483,2,1,2,3
2259508,3,1,3,3
2259556,4,1,3,2
2259586,4,1,2,2
2259786,2,0,2,1
2261350,3,1,2,2
2261353,3,1,1,1
2261598,2,1,2,1
2261929,3,1,2,2
2262428,3,1,2,1
2262464,4,1,2,3
2262957,3,1,2,3
2263106,3,1,2,1
2263331,3,1,2,3
2263670,4,1,1,3
2263826,4,1,2,3
2264538,4,1,2,1
2264592,4,1,1,3
2264815,4,1,2,3
2265148,3,0,0,3
2265188,4,1,1,3
2265452,4,1,1,2
2265771,4,1,2,1
2266198,4,1,2,2
2266555,4,1,2,1
2266574,4,1,2,1
2266575,4,1,2,2
2266691,4,1,2,1
2266891,4,1,3,2
2267111,3,1,2,2
2267114,4,1,2,1
2267116,4,1,2,1
2267118,4,1,2,1
2267120,4,1,2,1
2267121,4,1,2,1
2267434,4,1,2,2
2267673,3,1,2,3
2267777,3,1,2,3
2267780,4,1,2,3
2267781,4,1,2,2
2268063,4,0,0,2
2268776,3,1,2,3
2269366,3,1,2,2
2269410,3,1,3,1
2269426,3,1,3,2
2269444,4,1,2,1
2270749,3,1,0,3
2271178,2,1,2,1
2271822,4,1,2,3
2271870,4,1,2,1
2272308,4,1,2,2
2272532,4,1,2,2
2273044,4,1,2,2
2273048,4,1,2,2
2273174,4,1,2,2
2274575,4,1,2,3
2274590,4,1,2,2
2274790,4,1,2,3
2274852,4,1,1,3
2274949,4,1,1,2
2275139,4,1,2,3
2275181,4,1,0,3
2275543,4,1,3,2
2275635,3,1,2,3
2275709,4,1,1,2
2276353,3,1,2,2
2276841,4,1,2,2
2276914,3,1,2,1
2277269,4,0,0,2
2277334,4,1,2,3
2277505,4,1,2,1
2277506,4,1,2,1
2278340,2,1,2,1
2278576,3,1,3,1
2278585,4,1,3,1
2279852,4,1,2,3
2280097,3,1,2,2
2280098,4,1,2,2
2280101,4,1,3,1
2280125,3,1,2,3
2280126,4,1,2,1
2280376,4,1,2,1
2280997,4,1,2,3
2281105,4,1,3,2
2281160,4,1,2,1
2281612,4,1,2,1
2282360,4,1,2,3
2285138,3,1,1,1
2285139,3,1,1,2
2285647,4,1,2,2
2285997,4,1,2,1
2286681,4,1,2,3
2287637,4,1,2,2
2288084,4,1,2,1
2288257,4,1,2,2
2288625,3,1,2,3
2288828,3,1,2,3
2288908,2,1,2,1
2288969,2,1,2,1
2289039,4,1,2,3
2289215,4,1,1,1
2289279,3,1,1,3
2289300,4,1,2,1
2290129,4,1,2,2
2290136,4,1,2,2
2290316,4,0,3,3
2290489,4,1,2,3
2290562,4,0,3,1
2290793,4,1,2,3
2291903,4,1,3,2
2291994,2,1,2,1
2292109,4,1,1,1
2292470,4,1,2,1
2292773,4,1,2,2
2292920,4,1,2,2
2293200,4,1,2,2
2293416,2,1,2,3
2293483,3,0,3,1
2293500,2,1,2,3
2293587,2,1,2,3
2293915,4,1,2,1
2294497,4,1,2,3
2294518,3,1,2,3
2294990,4,1,2,2
2295106,4,1,3,1
2295575,3,1,2,3
2296145,4,0,0,1
2296438,4,1,2,1
2296667,4,1,2,3
2296892,3,0,3,3
2296987,4,1,3,1
2297049,4,1,2,3
2297404,4,1,2,3
2297836,4,1,2,3
2298189,4,1,2,1
2298460,3,1,2,1
2298603,4,1,2,1
2298717,3,1,1,2
2298804,4,1,2,2
2299047,4,1,2,2
2299492,4,1,2,3
2299646,4,1,1,2
2299999,4,1,2,1
2300104,3,1,2,1
2300162,3,1,2,1
2300333,4,1,2,3
2300351,4,1,1,3
2300354,4,1,2,3
2300450,4,1,2,2
2301689,4,1,2,0
2301991,2,1,1,1
2302051,4,1,1,2
2302526,4,1,2,3
2302661,4,0,0,2
2303621,4,1,2,1
2303953,4,1,2,1
2304264,4,1,2,3
2304330,3,1,2,2
2305025,4,1,2,1
2305197,4,1,2,1
2305466,4,1,2,2
2305587,4,1,2,3
2305931,3,1,2,1
2305974,4,1,0,2
2305976,4,1,2,3
2306194,4,1,2,2
2306197,4,1,2,3
2306201,4,1,2,2
2307015,4,1,3,1
2307071,2,1,2,1
2307228,3,1,2,3
2307246,3,1,2,3
2307247,3,1,2,2
2307248,4,1,2,1
2307289,4,1,2,2
2307534,4,1,2,1
2307985,3,1,2,3
2308229,2,1,2,3
2308305,4,0,0,2
2308476,3,1,3,2
2308720,4,1,2,3
2308725,4,1,1,3
2308730,4,1,2,3
2308758,3,1,1,3
2308889,4,1,3,1
2308916,4,1,2,1
2309076,4,1,1,3
2309334,3,1,1,3
2309427,4,1,2,2
2309617,2,1,2,1
2310074,4,1,2,2
2310119,3,1,2,3
2310159,4,1,1,3
2310222,4,0,0,1
2310236,4,1,2,3
2310265,4,0,0,2
2310722,4,1,1,2
2310724,3,1,2,2
2310851,4,0,3,2
2310980,4,1,2,3
2311011,3,1,2,2
2311879,4,1,2,3
2312022,4,1,2,3
2312345,4,1,2,3
2312692,3,1,2,1
2312819,3,1,2,2
2312852,4,1,2,3
2312897,4,1,2,3
2313047,4,1,2,1
2313093,4,1,2,2
2313464,4,1,2,2
2313519,4,1,2,1
2313912,4,1,2,1
2314869,4,1,2,2
2315269,4,1,2,2
2316009,2,1,1,1
2316029,2,1,2,2
2316046,2,1,2,3
2316049,4,1,3,3
2316115,3,0,3,3
2316742,4,1,1,3
2316800,4,1,2,1
2316801,4,1,2,2
2318730,2,1,2,1
2319753,4,0,0,3
2320925,4,0,3,3
2321221,4,0,0,2
2321373,4,1,1,2
2321444,2,1,2,3
2321525,4,1,2,2
2321649,4,0,3,2
2322051,4,1,3,3
2323351,3,1,1,1
2324074,4,1,1,1
2324123,4,1,2,3
2324198,4,1,2,2
2324383,4,1,2,2
2325153,4,1,2,1
2325529,4,1,2,3
2325897,4,1,2,3
2325936,4,1,2,2
2325949,4,0,3,3
2326309,4,1,2,3
2327740,4,1,2,3
2327746,4,1,2,3
2327747,4,1,2,3
2327816,4,1,3,2
2328405,4,1,2,1
2328488,4,1,2,2
2328882,4,1,2,3
2329335,4,1,2,2
2329715,4,1,1,2
2330057,2,1,1,1
2330470,4,1,0,3
2332489,4,1,2,3
2333344,4,1,3,1
2333494,4,1,2,3
2333527,4,1,2,2
2334512,4,1,2,1
2334625,3,1,2,3
2334876,4,1,2,1
2335038,4,1,2,3
2335264,4,0,0,1
2335400,1,1,2,1
2335431,3,1,2,3
2335622,4,1,2,3
2336864,4,1,2,2
2337754,4,1,2,1
2338199,4,1,2,2
2338375,2,1,2,2
2338484,4,1,1,3
2338685,4,1,2,2
2338707,3,1,2,2
2338708,4,1,3,2
2338711,3,1,2,3
2338714,3,1,2,2
2338941,4,1,2,1
2338963,4,1,2,3
2339096,2,1,2,2
2339103,4,0,3,3
2339111,4,1,1,1
2339246,3,1,2,2
2339347,2,1,2,3
2339477,4,1,2,3
2339491,4,1,1,2
2340287,4,1,2,2
2341003,4,1,2,1
2341046,4,1,2,1
2341100,4,1,0,2
2341160,4,1,2,2
2341171,4,1,2,2
2341509,4,0,0,2
2342626,1,1,2,0
2342997,4,1,3,2
2344403,4,1,1,2
2344573,4,1,1,2
2344675,4,1,2,3
2345354,4,1,0,3
2345742,4,0,3,2
2346707,4,0,3,1
2346939,4,1,1,3
2348226,4,1,2,2
2349123,4,1,2,3
2349163,4,1,3,1
2349269,4,1,1,2
2349430,4,1,3,1
2349784,3,1,1,3
2350234,2,1,2,2
2350339,4,1,2,2
2350378,4,1,2,2
2350992,4,1,3,2
2351245,4,1,2,2
2351246,4,1,2,2
2351693,4,1,2,2
2351717,4,1,2,3
2351845,4,1,2,2
2351885,2,1,2,1
2351904,4,1,2,1
2351925,3,1,2,1
2352948,4,1,2,2
2353641,4,1,2,2
2353781,4,1,2,1
2353895,4,1,2,1
2353900,4,1,2,1
2354011,4,1,2,1
2354219,3,1,2,1
2354226,3,1,2,1
2354247,4,1,2,3
2354271,3,1,2,1
2354392,4,1,2,2
2354396,4,1,2,1
2354438,4,1,2,1
2354464,4,1,2,2
2354674,4,1,1,2
2354792,4,1,2,3
2354959,4,1,2,2
2355275,4,1,2,1
2355276,4,1,2,1
2355303,4,1,2,1
2355555,4,1,1,2
2355625,4,1,2,3
2355661,4,1,2,1
2355719,4,1,2,1
2356134,4,1,3,3
2356224,4,1,3,3
2356287,4,1,3,1
2356460,4,0,0,3
2356755,4,1,2,2
2357080,4,1,2,3
2357240,4,1,2,1
2357424,4,1,2,1
2357437,4,1,2,3
2357543,2,1,2,1
2357676,4,1,2,2
2357807,2,1,2,1
2357857,4,1,2,1
2358317,4,1,2,2
2358980,4,1,3,2
2359014,4,1,2,2
2359470,4,1,3,3
2359505,4,0,3,2
2359625,4,1,3,1
2360108,4,1,3,1
2360397,3,0,3,3
2360614,4,1,2,1
2360660,4,1,2,1
2360675,3,1,2,3
2360702,4,1,3,3
2360973,4,1,2,2
2361193,3,1,2,1
2361211,3,1,2,3
2361281,2,1,2,1
2361284,4,1,2,2
2361450,3,1,2,2
2361575,4,1,0,3
2361748,4,1,2,1
2361778,2,1,2,1
2361784,3,1,2,2
2361785,2,1,2,2
2362113,2,1,1,1
2362207,2,1,2,1
2362428,4,1,2,1
2363015,3,1,1,3
2363269,4,1,2,1
2363270,4,1,2,1
2363738,4,1,2,3
2363756,4,1,2,2
2364254,4,1,2,1
2364486,3,1,2,3
2364498,4,1,2,1
2364887,3,0,3,3
2364949,3,1,2,2
2365078,4,1,2,3
2365142,4,1,2,1
2365297,4,1,2,2
2365633,4,1,2,2
2365844,3,1,2,3
2365920,4,1,2,2
2366246,4,1,2,2
2366248,4,1,2,1
2366368,4,1,2,2
2366403,4,1,2,3
2366408,4,1,2,3
2366649,2,1,2,3
2366980,4,1,2,3
2367023,4,1,1,1
2367832,3,1,2,3
2367921,4,1,1,1
2367930,3,1,2,3
2369177,4,1,2,2
2369317,4,1,2,1
2369519,4,1,2,2
2370089,4,1,2,3
2370423,4,1,2,1
2370472,2,1,1,3
2370704,2,1,2,3
2370742,4,0,3,3
2370772,3,0,3,3
2371045,2,1,2,1
2371052,4,1,2,1
2371246,4,1,2,2
2371502,4,1,2,2
2371509,4,1,2,1
2371602,3,1,2,2
2371603,4,1,2,3
2371610,4,1,2,2
2371611,4,1,2,3
2371648,4,1,2,3
2371651,4,1,2,3
2371654,4,1,2,2
2371692,3,1,2,3
2371705,3,1,2,3
2371726,3,1,2,3
2371778,4,1,2,3
2371786,3,1,2,3
2371787,3,1,2,3
2372012,3,1,2,1
2372068,4,1,0,3
2372234,3,1,2,3
2372328,4,1,2,1
2372407,4,1,2,3
2373106,4,1,2,1
2373212,4,1,2,3
2373221,4,1,2,2
2373241,4,1,3,3
2373256,4,1,2,2
2373364,2,1,2,1
2373434,4,1,2,2
2373470,4,1,2,3
2373941,4,1,2,3
2374542,4,1,1,2
2374584,4,1,2,2
2374677,4,1,2,2
2374686,4,1,1,2
2375093,4,1,2,2
2375659,4,1,1,2
2375749,3,1,2,2
2375846,4,1,2,1
2376295,2,1,2,2
2376870,4,1,2,3
2377049,4,1,2,1
2377127,3,1,2,1
2377173,4,1,3,1
2377282,2,1,2,2
2377877,4,1,2,2
2378398,4,1,3,1
2378535,4,1,3,2
2378594,4,1,2,2
2378750,3,1,2,3
2378853,4,1,2,3
2379184,4,1,3,1
2379192,4,1,3,2
2380109,4,1,2,3
2380932,4,1,2,3
2380949,4,1,2,1
2380982,3,1,2,3
2381332,4,1,1,1
2381528,4,1,2,2
2381959,2,1,2,1
2382368,4,1,2,3
2382687,3,0,3,3
2383252,2,1,2,3
2383280,4,1,2,2
2383305,4,1,2,1
2383350,4,1,3,3
2383956,4,1,1,2
2384304,4,0,3,1
2384418,3,1,1,3
2384520,3,1,1,3
2384532,3,1,2,3
2384535,3,1,1,3
2384536,4,1,1,3
2384735,4,1,2,1
2385207,4,1,2,1
2385744,4,1,2,3
2385772,4,1,2,2
2386139,2,1,2,2
2386293,4,1,2,2
2387087,3,1,2,1
2387903,4,1,2,1
2388125,4,1,2,1
2388316,4,1,1,3
2388445,4,1,2,2
2388540,4,1,2,3
2388613,4,1,2,2
2388702,3,1,2,3
2388790,4,1,2,3
2388990,4,1,2,2
2389414,4,1,2,1
2390303,4,0,3,2
2390631,2,1,2,1
2390996,3,1,2,2
2391515,4,0,3,1
2392001,4,0,1,2
2392533,4,1,2,2
2393241,3,1,2,1
2393853,4,1,2,1
2393856,4,1,2,1
2393876,4,1,2,2
2393957,3,1,2,1
2394155,4,1,2,2
2394206,4,1,2,1
2394293,4,1,2,2
2394728,4,0,3,3
2395044,4,0,3,3
2395255,4,1,2,2
2395942,4,1,2,2
2395953,2,1,2,1
2396028,4,0,3,3
2396330,4,1,2,1
2396366,4,1,2,1
2396390,2,1,2,3
2397128,3,1,2,3
2397663,4,1,3,3
2397781,4,1,2,2
2398900,4,1,2,1
2398907,4,1,2,1
2398908,4,1,2,2
2400037,4,1,2,2
2400056,4,1,2,1
2400921,3,1,2,2
2401353,4,0,0,1
2401441,4,1,2,3
2401724,4,1,2,2
2401750,4,1,2,3
2401814,3,1,2,3
2402234,3,1,2,1
2402836,4,0,3,1
2402907,3,1,2,2
2403659,3,1,2,3
2403807,4,1,2,2
2403883,4,1,2,3
2404002,4,1,2,2
2404248,4,1,2,2
2404464,4,1,2,2
2404844,4,1,2,1
2405097,2,1,1,1
2405559,3,1,2,1
2405780,3,1,1,1
2405818,3,1,2,1
2405835,4,1,2,3
2405972,4,1,1,3
2406080,4,1,2,2
2406092,4,1,2,1
2406259,3,1,2,2
2406308,4,1,2,1
2406458,4,0,1,2
2406464,4,1,3,2
2406475,2,1,2,2
2406479,4,1,2,1
2406492,4,1,2,2
2406749,2,1,1,2
2406808,4,1,2,3
2406910,4,1,2,2
2407102,3,1,2,1
2407115,4,1,2,2
2407308,4,1,2,1
2407502,4,1,2,3
2407577,3,1,2,3
2408078,3,1,2,3
2408096,2,1,2,1
2408133,4,1,2,3
2408166,3,1,2,2
2408167,3,1,2,1
2408389,3,1,2,1
2408482,4,1,2,3
2408762,4,1,2,3
2408977,2,1,2,3
2409051,4,1,3,3
2409070,4,1,2,3
2409105,4,1,2,2
2409402,4,1,2,1
2409655,3,1,2,1
2409708,4,1,2,1
2409717,4,1,2,1
2409764,4,1,2,2
2409949,3,1,2,3
2410182,4,1,2,3
2410273,2,1,2,3
2410338,2,1,2,1
2410484,3,1,2,2
2410667,4,1,2,2
2410686,3,1,2,1
2410691,2,1,2,1
2410916,3,1,1,1
2410977,4,1,3,1
2411034,4,1,2,2
2411035,1,1,2,0
2411215,4,1,2,2
2411361,4,1,2,3
2411492,4,1,2,3
2411558,1,1,2,1
2411762,4,1,2,3
2411839,2,1,2,3
2412295,4,1,2,1
2412502,3,1,2,2
2412514,2,1,2,1
2412518,3,1,2,3
2412620,4,1,2,2
2412638,4,1,2,1
2412676,4,1,2,1
2412686,4,1,2,3
2412740,4,1,2,1
2412859,2,1,2,3
2412879,4,1,2,2
2412918,4,1,1,1
2412945,2,1,2,1
2413158,4,1,2,3
2413168,3,1,2,3
2413457,4,1,2,1
2413536,3,1,2,2
2413799,4,1,2,1
2413948,3,1,2,1
2414050,4,1,2,1
2414153,3,1,2,2
2414225,3,1,2,3
2414400,2,1,2,1
2414419,4,1,2,3
2414571,4,1,2,3
2414595,4,1,2,3
2414767,4,1,3,2
2414877,4,1,1,1
2415240,4,1,2,3
2415387,3,1,2,0
2415427,3,1,1,3
2415482,4,1,2,1
2415512,3,1,2,1
2415560,4,1,2,1
2415703,4,1,2,2
2415946,3,1,2,3
2415964,3,1,1,3
2415971,4,1,2,3
2416139,2,1,2,2
2416189,4,1,2,1
2416319,3,1,2,2
2416380,4,1,2,2
2416410,4,1,1,2
2416504,3,1,2,3
2416982,1,1,2,1
2417002,4,1,2,2
2417211,4,0,0,3
2417216,4,1,2,2
2417640,3,1,2,3
2418230,3,1,2,1
2418253,4,1,3,1
2418326,3,1,2,2
2418525,4,1,2,2
2418557,4,1,0,2
2418562,4,1,0,2
2418704,4,1,2,3
2418726,3,1,2,3
2419706,4,1,2,3
2419797,2,0,2,1
2419835,1,1,2,0
2419930,3,1,1,1
2419964,4,1,2,2
2420111,4,1,2,3
2420229,4,1,1,1
2420761,4,1,2,3
2420795,4,1,2,3
2421052,4,1,3,3
2421210,3,1,2,1
2421254,3,1,2,3
2421550,4,1,2,3
2421643,3,1,2,3
2421720,4,1,1,3
2421914,4,1,2,3
2422396,4,1,2,2
2422513,4,1,2,2
2422712,4,1,2,1
2422818,2,1,2,2
2422979,4,1,2,3
2422996,4,1,2,2
2423002,4,1,2,1
2423004,4,1,3,2
2423044,4,1,2,3
2423061,4,1,2,1
2423072,4,1,2,1
2423104,4,1,2,1
2423139,4,1,1,3
2423315,4,1,2,2
2423437,3,1,1,1
2423557,4,1,2,2
2424023,3,1,2,1
2424038,4,1,2,3
2424563,2,1,2,1
2424628,4,1,3,1
2424777,3,1,2,2
2425159,3,1,2,2
2425160,4,1,2,1
2425205,4,1,2,2
2425222,3,1,1,3
2425640,4,1,1,1
2425835,3,1,1,2
2425880,3,1,2,2
2425936,4,1,2,3
2425966,3,1,2,3
2426074,4,1,2,2
2426553,3,1,1,3
2426757,4,1,2,3
2427282,4,1,2,1
2427355,4,1,2,3
2427591,3,1,1,2
2428475,4,1,2,3
2428555,4,1,3,3
2428578,3,1,2,2
2428775,3,1,2,3
2428934,4,1,1,3
2429253,4,1,0,3
2429270,2,1,1,2
2429271,4,1,1,2
2429381,3,1,2,1
2429382,4,1,2,2
2429495,4,1,2,3
2429506,4,1,1,2
2429962,4,1,2,3
2430234,3,1,2,3
2430236,4,1,2,3
2430482,4,1,1,1
2430658,4,1,2,3
2430810,4,1,2,2
2430959,4,1,1,3
2431294,4,1,2,3
2431451,2,1,1,3
2431691,4,1,2,2
2431715,4,1,2,2
2432016,3,1,2,2
2432049,4,1,0,3
2432285,2,1,2,2
2432392,4,1,1,2
2432424,3,1,1,2
2432757,4,1,2,3
2433039,4,1,2,2
2433086,4,1,2,3
2433193,4,0,3,2
2433314,3,1,2,2
2433445,4,1,2,1
2433450,4,1,2,1
2433612,3,1,2,1
2433613,4,1,2,2
2433626,4,1,2,2
2433700,2,1,2,1
2433734,3,1,2,1
2434036,3,1,2,1
2434412,3,1,2,1
2434561,3,1,2,2
2434664,4,1,3,3
2434795,4,1,2,3
2434818,4,1,1,1
2434846,4,1,2,2
2434873,3,1,2,2
2434963,3,1,2,3
2435197,4,1,2,3
2435394,4,1,2,2
2435509,4,1,3,1
2435520,4,1,2,1
2435620,3,1,2,2
2435625,2,1,2,2
2435692,1,1,2,0
2435697,4,1,1,3
2435713,4,1,3,3
2435881,4,1,2,3
2435972,2,1,2,2
2435974,4,1,2,2
2435997,2,1,2,1
2436084,3,1,2,1
2436288,4,1,2,3
2437007,3,1,2,3
2437039,4,1,0,2
2437062,4,1,2,1
2437170,3,1,2,1
2437277,3,1,2,3
2437299,3,1,2,3
2437300,4,1,2,3
2437320,3,1,3,2
2437321,4,0,3,2
2437383,1,1,2,1
2437434,4,1,2,3
2437452,4,1,2,1
2437630,3,1,2,2
2437728,2,1,2,3
2437803,4,1,2,2
2437961,3,1,2,3
2437988,4,1,2,3
2438101,4,1,1,3
2438147,3,1,2,2
2438272,2,1,2,3
2438279,4,1,2,2
2438541,2,1,2,3
2438568,3,1,2,3
2438716,3,1,2,1
2438760,4,1,2,1
2438765,3,1,1,1
2438827,3,1,2,3
2438866,3,1,2,3
2438986,4,1,2,1
2439001,2,1,2,3
2439154,2,1,2,3
2439306,4,1,2,3
2439451,4,1,2,3
2439616,4,1,2,2
2439860,3,1,1,3
2440155,4,1,2,3
2440247,4,1,1,1
2440300,3,1,2,3
2440730,4,1,2,3
2440732,3,1,1,3
2440733,4,1,2,3
2441467,4,1,2,3
2441476,4,1,2,2
2441559,3,1,2,1
2441791,4,1,2,1
2441957,2,1,2,1
2442181,3,1,2,1
2442666,4,1,2,3
2442759,4,1,2,3
2442836,4,1,0,3
2443071,4,1,2,1
2443099,4,1,3,3
2443201,3,1,2,1
2443214,4,1,1,3
2443380,4,1,2,1
2443403,3,1,1,2
2443509,4,1,2,3
2443522,4,1,2,3
2443624,4,1,2,3
2443655,3,1,2,3
2443779,4,1,2,3
2443864,3,1,2,3
2444103,4,1,2,2
2444128,4,1,2,2
2444223,3,1,3,1
2444273,4,1,2,1
2444351,4,1,2,2
2444539,4,1,2,3
2444642,3,1,2,2
2444704,4,1,2,3
2444722,2,1,2,2
2445189,2,1,2,1
2445248,3,1,1,2
2445287,4,1,2,1
2445390,4,1,2,2
2445527,4,1,2,3
2445594,3,1,2,1
2445757,3,1,2,1
2445763,4,1,2,1
2445832,4,1,2,2
2445853,3,1,2,1
2446143,4,1,2,1
2446151,4,1,2,2
2446203,4,1,2,3
2446368,3,1,2,1
2446369,4,1,2,3
2446421,4,1,2,3
2446494,3,1,2,3
2446501,4,1,2,3
2446644,3,1,2,1
2446778,1,1,2,1
2446782,4,1,2,2
2446984,3,1,2,1
2447022,3,1,2,1
2447027,3,1,1,3
2447082,3,1,2,3
2447114,4,1,2,1
2447163,3,1,2,3
2447164,4,1,2,1
2447248,3,1,2,2
2447823,2,1,2,1
2447864,2,1,1,2
2448078,4,1,1,3
2448577,4,1,2,1
2448585,4,1,2,3
2448629,3,1,2,2
2448671,4,1,3,3
2448908,4,1,2,1
2449148,3,1,2,3
2449330,4,1,0,2
2449449,1,1,2,0
2449498,4,1,2,3
2449525,4,1,2,1
2449530,2,1,2,3
2449729,4,1,3,2
2449747,4,1,2,3
2450038,4,1,1,3
2450051,4,1,2,1
2450102,4,1,1,2
2450945,4,1,2,1
2451008,2,1,2,3
2451328,4,1,2,1
2451386,4,1,2,1
2451456,4,1,2,1
2451832,4,1,2,1
2451897,2,1,2,1
2451910,4,1,2,1
2451959,3,1,2,1
2452309,1,1,1,0
2452580,3,1,2,3
2452617,4,1,2,3
2452719,4,1,2,2
2452768,3,1,2,3
2452910,3,1,2,3
2452938,3,1,2,1
2452983,4,1,2,2
2453314,2,1,2,2
2453333,4,1,2,3
2453421,1,1,2,0
2453494,4,1,2,1
2453747,2,1,2,2
2453777,4,1,2,2
2454098,4,1,3,1
2454234,4,1,1,2
2454636,3,1,2,3
2455724,2,1,2,2
2456019,4,1,2,1
2456020,2,1,1,1
2456021,3,1,2,3
2456181,3,1,1,3
2456218,4,1,2,3
2456265,2,1,2,2
2456292,2,1,2,2
2456443,2,1,1,0
2456555,4,1,3,1
2456557,3,1,2,1
2456585,2,1,2,3
2456586,3,1,1,3
2456637,3,1,2,3
2456944,2,1,2,1
2457168,4,1,2,2
2457188,4,1,2,3
2457234,3,1,2,1
2457384,4,1,1,1
2457395,4,1,3,2
2457441,4,1,2,1
2457464,4,1,2,3
2458438,4,1,2,2
2458457,4,1,2,2
2458634,3,1,2,1
2458858,4,1,2,3
2458984,4,1,2,3
2459227,4,1,1,3
2459369,4,1,2,1
2459443,3,1,2,1
2459538,4,1,2,1
2459856,4,1,2,2
2459965,4,1,2,3
2460382,2,1,2,1
2460383,3,1,1,1
2460384,4,1,2,3
2460402,2,1,2,1
2460404,2,1,2,1
2460406,2,1,2,1
2460410,2,1,2,1
2460419,4,1,2,1
2460422,3,1,1,1
2460432,3,1,2,1
2460492,4,1,2,2
2461007,4,1,2,1
2461085,4,1,2,1
2461086,4,1,2,1
2461096,4,1,2,2
2461289,3,1,2,3
2461385,4,1,3,1
2461485,4,1,3,3
2461549,4,1,1,1
2461598,4,1,2,3
2461618,3,1,3,0
2461620,4,1,2,1
2461621,4,1,3,2
2461650,4,1,2,3
2462106,4,1,2,3
2462112,4,1,2,2
2462153,4,1,2,2
2462304,4,1,2,1
2462515,4,1,2,1
2462595,4,1,3,3
2462958,3,1,2,2
2462959,4,1,2,1
2463037,4,1,2,3
2463128,3,1,2,2
2463129,4,1,2,2
2463153,3,1,1,3
2463462,3,1,2,1
2463620,4,1,2,2
2463622,3,1,2,2
2463624,3,1,2,3
2463946,4,1,1,1
2463959,4,1,2,2
2464197,4,1,2,3
2464545,4,1,2,3
2464635,4,1,2,1
2464684,2,1,2,3
2464699,3,1,2,3
2464777,3,1,2,3
2464994,4,1,2,2
2465091,3,1,2,2
2465142,4,1,2,2
2465145,2,1,2,1
2465208,4,1,2,3
2465224,3,1,2,3
2465279,2,1,2,3
2465320,3,1,2,3
2465321,4,1,2,3
2465773,4,1,3,3
2465823,1,1,2,0
2465893,4,1,2,3
2465999,4,1,2,3
2466152,4,1,2,3
2466194,4,1,2,3
2466403,4,1,2,3
2466489,2,1,2,2
2466584,4,1,2,1
2466643,4,1,3,2
2466743,1,1,2,2
2466782,2,1,2,3
2466916,4,1,3,3
2467141,4,1,3,3
2467591,4,1,2,3
2467606,4,1,2,2
2467993,4,1,0,2
2468093,3,1,2,3
2468205,4,1,1,3
2468209,3,1,2,3
2468262,1,1,1,0
2468266,4,1,2,3
2468270,3,1,2,3
2468555,4,1,2,3
2468663,4,1,2,2
2469053,4,1,2,2
2469075,4,1,2,3
2469104,4,1,2,2
2469496,3,1,2,1
2469602,4,1,2,3
2469755,4,1,2,2
2469815,4,1,2,3
2470056,4,1,2,2
2470130,4,1,2,1
2470444,4,1,2,1
2470520,4,1,2,2
2470557,2,1,2,3
2470575,4,1,3,1
2470769,4,1,2,2
2470910,4,1,2,3
2471102,4,1,2,2
2471175,3,1,2,1
2471217,3,1,2,3
2471265,4,1,2,2
2472087,4,1,2,1
2472244,4,1,2,3
2472260,3,1,2,2
2472292,4,1,1,3
2472391,4,1,2,2
2472393,4,1,2,3
2472465,3,1,2,1
2472467,4,1,2,1
2472800,3,1,1,3
2472807,4,1,2,1
2473007,4,1,2,1
2473215,3,1,2,3
2473304,2,1,2,1
2473585,3,1,2,3
2473638,4,1,2,2
2473798,4,1,2,1
2473917,4,1,2,3
2474020,4,1,2,3
2474065,4,1,2,2
2474100,3,1,1,2
2474705,4,1,2,1
2474742,3,1,1,3
2474783,4,1,3,2
2474888,4,1,2,2
2475166,4,1,2,3
2475195,4,1,2,2
2475387,3,1,2,3
2475423,4,1,2,2
2475680,1,1,2,3
2475682,4,1,2,3
2475939,4,1,2,2
2476119,3,1,3,3
2476201,4,1,2,1
2476233,3,1,2,3
2476335,4,1,2,1
2476415,4,1,1,1
2476422,4,1,1,1
2476484,4,1,2,2
2476743,3,1,2,1
2476750,4,1,2,2
2477259,4,1,2,2
2477403,4,1,2,2
2477524,3,1,2,1
2477525,3,1,2,2
2477653,4,1,2,3
2477732,4,1,1,3
2477894,3,1,1,3
2477986,4,1,2,2
2478017,2,1,2,2
2478105,4,1,2,1
2478286,4,1,2,3
2478414,4,1,2,3
2479024,4,1,2,2
2479029,4,1,2,2
2479134,4,1,2,2
2479393,3,1,1,3
2479418,3,1,2,1
2479771,2,1,2,3
2479989,1,1,2,1
2480294,3,1,2,3
2480359,1,1,2,1
2480499,4,1,2,3
2480572,4,1,3,3
2480579,4,1,2,1
2480764,2,1,2,1
2480924,4,1,2,3
2481073,3,1,1,3
2481424,4,1,2,3
2481584,3,1,2,3
2481636,4,1,2,1
2481665,3,1,2,3
2482169,4,1,2,1
2482282,4,1,0,3
2482401,4,1,2,0
2482834,4,1,1,1
2482876,4,1,2,2
2482887,4,1,2,3
2482925,4,1,2,1
2482984,3,1,2,3
2483077,4,1,3,2
2483187,4,1,2,3
2483470,4,1,2,1
2483519,4,1,3,3
2483674,3,1,2,1
2483838,3,1,2,2
2483957,4,1,2,3
2484054,3,1,3,3
2484082,4,1,1,2
2484104,4,1,2,1
2484656,3,1,1,2
2484852,4,1,2,2
2484853,4,1,2,2
2484924,4,1,1,2
2485001,4,1,2,2
2485008,2,1,2,1
2485013,4,1,2,3
2485015,3,1,2,2
2485041,2,1,2,1
2485156,2,1,1,2
2485163,4,1,2,3
2485237,4,1,3,2
2485256,3,1,2,2
2485257,4,1,2,3
2485327,2,1,2,1
2485393,4,1,3,2
2485547,4,1,2,1
2485620,4,1,2,2
2485682,4,1,2,1
2485831,3,1,2,1
2485971,3,1,1,1
2486246,3,1,2,3
2486283,3,1,2,1
2486285,4,1,2,2
2486286,4,1,2,2
2486655,4,1,2,1
2486817,2,1,2,3
2487055,4,1,2,1
2487095,4,1,2,2
2487210,2,1,2,2
2487295,4,1,2,1
2487366,4,1,2,2
2487415,4,1,2,2
2487726,3,1,2,1
2487884,4,1,2,3
2488034,4,1,3,1
2488227,4,1,2,3
2488375,4,1,2,1
2488990,4,1,2,3
2489145,4,1,2,2
2489362,4,1,1,2
2489534,4,1,2,2
2489627,3,1,2,3
2489677,2,1,2,2
2490074,4,1,2,2
2490655,4,1,2,1
2490779,4,1,2,1
2490945,4,1,2,3
2490998,4,1,2,2
2491016,4,1,3,2
2491020,4,1,2,3
2491068,2,1,2,1
2491248,3,1,2,0
2491349,4,1,2,1
2491493,3,1,2,3
2491565,4,1,2,3
2491802,4,1,2,1
2491830,4,1,2,1
2492491,4,1,2,2
2492509,4,1,2,3
2492644,4,1,2,2
2492725,3,1,2,3
2493094,4,1,2,2
2493184,2,1,1,3
2493193,4,1,1,2
2493239,4,1,1,2
2493444,2,1,2,2
2493503,2,1,2,1
2493775,2,1,2,3
2493900,4,1,2,2
2494140,4,1,1,3
2494739,3,1,2,2
2494787,4,1,1,1
2494814,4,1,2,3
2494890,4,1,2,3
2494910,4,1,3,2
2494924,3,1,3,3
2495198,4,1,1,2
2495779,4,1,2,3
2495820,2,1,2,1
2496353,4,1,2,3
2496767,2,1,2,1
2496783,3,1,2,2
2496840,3,1,2,3
2497211,4,1,2,2
2497303,4,1,2,3
2497412,4,1,2,1
2497612,4,1,3,2
2498040,4,1,3,3
2498143,3,1,2,1
2498578,4,1,2,2
2498766,4,1,1,1
2499216,1,1,2,1
2499368,3,1,2,3
2499488,4,1,2,3
2499704,4,1,3,3
2499854,4,1,2,3
2499970,4,1,3,2
2500022,4,1,2,1
2500735,4,1,3,1
2500886,3,1,1,3
2500912,3,1,2,3
2501343,4,0,3,2
2502098,3,0,3,1
2502334,4,1,2,2
2502501,4,1,3,1
2503087,3,1,1,3
2503124,4,0,3,0
2503342,4,1,2,2
2503584,4,1,3,2
2503810,4,1,2,3
2503827,4,1,2,3
2504015,3,1,2,1
2504449,4,1,2,1
2504464,2,1,2,2
2504469,4,1,2,3
2504794,4,1,3,3
2504995,2,1,2,2
2505066,2,1,2,2
2505110,4,1,1,3
2505183,4,1,2,1
2505263,3,1,2,3
2505515,3,1,1,2
2505595,4,1,2,2
2506826,4,0,3,2
2507383,4,0,3,1
2507620,4,1,1,3
2507690,3,1,1,3
2507787,4,1,2,2
2508020,4,1,2,3
2508085,3,1,1,3
2508103,4,1,2,2
2508265,4,1,1,3
2509455,4,1,2,3
2509481,2,1,2,2
2509643,3,1,2,3
2509799,4,1,1,3
2509841,3,1,2,3
2510141,3,1,2,3
2510661,4,1,1,3
2510683,4,1,2,3
2511051,4,1,2,2
2511131,3,1,2,3
2511307,4,1,2,2
2512048,4,1,2,1
2512050,4,1,2,1
2512132,4,1,2,3
2512542,3,1,2,3
2513082,4,0,0,2
2513237,4,1,1,1
2513519,4,1,2,1
2514865,4,1,2,2
2514980,3,0,3,3
2515489,4,1,2,1
2515573,4,1,2,1
2516147,4,1,2,2
2516166,4,1,2,2
2516358,4,1,2,1
2516406,4,1,2,2
2517067,4,1,2,1
2517305,4,1,2,3
2517391,4,1,2,1
2517414,4,0,0,1
2517415,4,0,0,2
2517416,4,0,0,2
2518007,2,1,2,1
2518391,4,1,2,3
2518423,3,1,2,3
2518451,4,1,2,3
2518541,4,1,2,3
2518736,4,1,1,2
2518905,4,1,2,2
2519338,3,0,3,2
2520062,4,0,3,2
2520326,4,1,2,2
2520706,4,1,2,2
2520712,4,1,2,2
2520896,4,1,2,1
2521170,4,1,1,2
2521605,1,1,2,1
2521652,4,1,2,3
2521851,4,1,2,1
2521986,4,1,2,3
2522004,4,1,0,3
2522027,4,1,1,2
2522318,4,1,2,3
2522447,4,1,2,1
2522618,4,1,2,2
2522674,4,1,2,1
2522758,4,1,2,2
2522948,4,1,2,2
2522957,4,1,3,3
2523180,3,1,2,1
2524414,4,1,0,3
2524549,4,1,0,3
2524640,4,1,2,3
2524696,4,1,2,2
2525819,4,1,2,3
2525874,2,0,3,3
2527825,4,1,0,2
2528355,3,0,0,2
2528406,4,0,0,1
2529538,4,0,3,1
2531311,2,1,1,3
2531457,4,1,2,2
2531460,4,1,2,2
2531488,4,1,0,3
2531770,3,1,2,2
2532030,4,0,3,3
2532198,2,1,2,1
2532812,4,0,0,1
2533425,4,1,2,3
2533451,4,1,2,3
2533625,4,1,0,2
2533992,4,1,2,2
2533997,4,1,2,1
2534991,4,1,2,1
2536738,4,1,2,1
2536827,4,1,2,3
2537109,4,1,1,3
2537149,3,1,2,1
2537704,4,1,2,2
2537710,4,1,2,2
2537793,4,1,2,2
2538575,4,0,3,3
2539567,3,1,2,2
2540772,4,1,2,2
2540794,4,1,2,2
2541368,4,1,2,3
2541694,4,1,2,2
2542489,4,1,2,1
2542878,4,1,1,3
2543337,4,1,2,3
2544531,3,1,2,3
2544594,4,1,2,2
2545159,4,0,3,1
2545380,4,1,2,2
2545754,3,1,1,3
2547352,3,1,1,1
2547353,4,1,2,2
2547971,4,1,2,1
2548449,4,1,2,2
2548478,4,1,2,2
2550559,4,1,2,2
2550858,4,1,2,2
2551701,3,1,1,3
2551718,3,1,2,2
2553800,4,1,2,2
2554203,4,1,2,1
2554361,4,1,2,3
2554662,4,1,1,1
2554699,4,1,2,2
2554996,3,1,1,2
2555100,4,1,1,1
2555555,2,1,1,1
2556055,2,1,2,1
2556792,4,1,2,2
2557229,4,1,2,3
2558123,3,1,1,2
2558138,4,1,2,3
2558441,4,1,2,1
2558443,4,1,2,1
2559217,4,1,2,1
2559249,4,1,2,2
2559529,4,1,2,2
2559855,4,1,2,2
2560159,4,1,2,1
2560564,4,1,1,2
2560598,4,1,3,2
2560616,4,1,2,1
2561165,4,1,2,1
2561419,4,0,0,2
2561516,3,1,2,3
2561802,3,1,2,1
2562193,4,1,2,2
2562411,4,1,2,3
2562421,3,1,2,2
2562422,3,1,2,3
2562503,4,1,2,1
2562822,4,1,2,3
2562929,4,1,2,2
2563410,4,1,2,3
2563451,4,1,2,1
2563697,4,0,0,3
2563736,4,1,2,1
2564194,4,1,2,2
2564560,4,1,3,1
2564828,4,1,2,1
2564953,4,1,2,3
2565487,3,1,2,3
2565814,3,1,2,2
2565851,4,1,2,3
2565873,4,1,3,1
2565985,4,1,2,2
2566203,4,1,2,2
2566262,4,1,2,1
2566626,2,1,2,3
2566895,4,1,0,1
2566918,4,1,2,3
2567049,4,1,2,2
2567099,4,1,2,3
2567258,4,1,0,1
2567467,4,1,2,2
2567890,3,1,2,3
2567937,4,1,2,1
2567991,4,0,3,0
2568399,4,1,2,3
2568931,4,1,2,1
2569037,4,0,1,2
2569556,4,1,2,2
2569583,4,1,2,2
2569814,4,1,2,2
2569938,4,1,2,3
2570013,4,1,2,2
2570133,4,1,1,3
2570785,4,1,2,3
2570825,3,1,2,2
2571171,3,1,2,2
2571296,4,1,2,2
2571358,2,1,2,3
2571413,4,1,2,1
2571635,3,1,2,1
2572280,4,1,2,2
2572301,4,1,2,2
2572478,4,1,2,1
2572635,2,1,2,1
2572655,4,1,2,2
2572675,4,1,2,2
2572978,4,1,1,2
2573045,4,1,2,3
2573168,4,1,2,3
2573677,4,1,2,3
2574016,4,1,2,1
2574613,4,1,2,2
2574729,4,1,2,0
2574730,4,1,1,2
2574824,4,1,2,1
2575313,4,1,2,3
2576718,4,1,3,1
2576852,4,0,3,3
2577075,4,1,2,3
2577314,4,1,2,2
2577428,3,1,1,1
2578162,4,0,3,3
2578330,3,0,3,1
2578346,4,0,3,0
2578392,4,0,3,1
2579662,4,1,3,2
2579702,4,0,0,2
2580276,4,1,2,2
2580619,3,1,1,1
2581228,4,0,3,2
2581428,4,0,3,3
2581836,4,0,3,2
2582703,2,1,2,3
2582995,4,1,2,1
2583382,4,1,2,3
2583601,3,1,2,2
2583633,3,1,2,2
2583695,4,1,2,2
2583701,4,1,2,2
2583966,4,1,2,2
2584115,2,1,1,1
2584311,4,1,2,2
2585064,3,0,3,3
2585507,3,0,3,3
2586057,3,1,2,1
2587740,3,0,3,2
2587786,4,1,2,3
2587976,4,1,2,2
2591814,4,1,3,2
2592334,4,1,2,2
2592963,2,0,0,2
2593112,4,1,2,1
2593313,4,0,3,3
